arm,seed,round,mean_test_par10_s,train_cost_s,validation_cost_s,cap_s,labels,wall_s
FIXED-100,7,0,1142.3534570953489,11082.498713000003,0.0,100.0,724,3.6488054000001284
FIXED-100,7,1,1143.0311575860464,12862.022721620002,0.0,100.0,1823,12.056463899999926
FIXED-100,7,2,1143.6741529426356,13769.221278950014,0.0,100.0,2858,18.20270299999993
FIXED-100,7,3,1187.2597132643411,14411.571865880009,0.0,100.0,4091,25.139698500000122
FIXED-100,7,4,1237.6304553488371,15673.826832710018,0.0,100.0,5501,32.78997269999991
FIXED-100,7,5,1098.374904235659,16957.15604111004,0.0,100.0,7130,41.466757300000154
FIXED-100,7,6,1186.0246450581394,20546.204580610058,0.0,100.0,8542,51.12062990000004
FIXED-100,7,7,1328.5760413821704,25050.800048890032,0.0,100.0,9731,61.1864657000001
FIXED-100,7,8,1187.2701235519378,26484.22157537001,0.0,100.0,10854,72.44197829999985
FIXED-100,7,9,860.5958895379845,27984.098276370012,0.0,100.0,11989,84.69361590000017
FIXED-100,7,10,1188.0755640705427,32219.821470370018,0.0,100.0,13307,98.12318689999984
FIXED-100,7,11,861.2496779705426,34579.38934546997,0.0,100.0,14678,112.85092949999989
FIXED-100,7,12,998.1118393341086,38208.11546666996,0.0,100.0,15930,128.62121160000015
FIXED-100,7,13,1042.993807251163,43247.65785686996,0.0,100.0,17157,145.79124309999997
FIXED-100,7,14,769.183081351938,45780.85487037,0.0,100.0,18427,164.46082309999974
FIXED-100,7,15,1005.9397865224806,48584.49341697002,0.0,100.0,19711,184.22501869999996
FIXED-100,7,16,812.0613525356589,52421.13488196999,0.0,100.0,20956,205.35426569999981
FIXED-100,7,17,1092.8601915294573,57649.26552817,0.0,100.0,22101,227.7767672
FIXED-100,7,18,726.5714088992248,62227.61327317003,0.0,100.0,23389,251.84003359999997
FIXED-100,7,19,772.2625895899224,67493.05443747003,0.0,100.0,24614,277.1031363000002
FIXED-100,7,20,869.7475414751938,71604.12134577011,0.0,100.0,25731,303.6470770000001
FIXED-100,7,21,863.2918603333333,78557.04623367003,0.0,100.0,26913,331.3549406000002
FIXED-100,7,22,820.0174765829457,87830.80746657004,0.0,100.0,28043,360.3854664999999
FIXED-100,7,23,638.972840288372,96609.47744806996,0.0,100.0,29180,390.6961977000001
FIXED-100,7,24,592.7327932116278,106735.42105237002,0.0,100.0,30232,422.21511899999996
FIXED-100,7,25,637.0980350186047,116613.95146746997,0.0,100.0,31380,454.4060884999999
FIXED-100,7,26,639.9519454914729,127427.77042856993,0.0,100.0,32667,487.99228630000016
FIXED-100,7,27,592.7650172968993,140444.3360056698,0.0,100.0,33919,522.5494187999998
FIXED-100,7,28,688.8791657705426,153412.14131276976,0.0,100.0,34908,558.3604000999999
FIXED-100,7,29,593.9792339248062,168842.78709256975,0.0,100.0,35992,595.7944871
FIXED-100,7,30,589.4386851108527,186911.0487864697,0.0,100.0,36957,633.8124644999998
FIXED-100,7,31,589.9188475217054,206744.2484184699,0.0,100.0,38054,673.340447
FIXED-100,7,32,642.456563475969,225331.52780346991,0.0,100.0,38819,713.6254066000001
FIXED-100,7,33,639.1684758085271,249030.93388347008,0.0,100.0,39674,755.9495059000001
FIXED-100,7,34,638.6629224837209,276729.56142047,0.0,100.0,40314,798.3418133999999
FIXED-100,7,35,680.5253101883721,305883.38424047,0.0,100.0,40962,841.2566338000001
FIXED-100,7,36,683.5386672976745,329674.9581904701,0.0,100.0,41672,884.9628113000003
FIXED-100,42,0,779.7429091751937,8872.8333318,0.0,100.0,796,3.7672041000000718
FIXED-100,42,1,865.9288432790698,8960.791251850016,0.0,100.0,1708,12.022379399999863
FIXED-100,42,2,953.6481940844961,9020.05852651,0.0,100.0,2588,17.71503410000014
FIXED-100,42,3,864.7088839170542,10323.392523309989,0.0,100.0,3718,23.728721699999824
FIXED-100,42,4,908.288861527907,10706.366223909992,0.0,100.0,4800,30.50470809999979
FIXED-100,42,5,914.4161049232558,11490.695486910005,0.0,100.0,5869,37.90997609999977
FIXED-100,42,6,775.7284086286821,12825.512018889995,0.0,100.0,7005,46.465607699999964
FIXED-100,42,7,775.8233939945736,13880.876855070015,0.0,100.0,8334,55.70107229999985
FIXED-100,42,8,820.8439775069768,14126.851580170018,0.0,100.0,9518,65.7932407999997
FIXED-100,42,9,822.7459027620155,15972.276258370031,0.0,100.0,11005,77.17474570000013
FIXED-100,42,10,820.5648013348837,19957.94844067004,0.0,100.0,12441,89.60430929999984
FIXED-100,42,11,815.1755974108527,23537.116781070054,0.0,100.0,13796,103.06716589999996
FIXED-100,42,12,825.2196113038759,30335.672845670066,0.0,100.0,15294,118.15704060000007
FIXED-100,42,13,776.5551905379845,33028.13096167006,0.0,100.0,16461,134.61275829999977
FIXED-100,42,14,911.9932900883721,36288.329878370045,0.0,100.0,17635,152.93441529999973
FIXED-100,42,15,996.8503060472868,40347.97565857006,0.0,100.0,18832,171.71908570000005
FIXED-100,42,16,859.0377355837209,43720.378607570085,0.0,100.0,19984,191.82770189999974
FIXED-100,42,17,765.4347371945736,49858.91977637012,0.0,100.0,21274,213.42030810000006
FIXED-100,42,18,719.3524060643412,53942.40173797014,0.0,100.0,22628,236.35170530000005
FIXED-100,42,19,808.2392566457364,60951.48059017011,0.0,100.0,24149,260.9924175000001
FIXED-100,42,20,852.4954960038759,66803.47079917014,0.0,100.0,25410,286.91964800000005
FIXED-100,42,21,590.1246854914729,74888.99711027017,0.0,100.0,26737,314.6094055999997
FIXED-100,42,22,632.2276404666667,81551.56828357012,0.0,100.0,27972,343.2959449
FIXED-100,42,23,634.6839470395349,92031.26362637016,0.0,100.0,29203,373.33216730000004
FIXED-100,42,24,497.8750342736434,100760.01325257009,0.0,100.0,30285,404.3133294999998
FIXED-100,42,25,544.3769339627906,112001.5906865701,0.0,100.0,31503,436.0797397999995
FIXED-100,42,26,727.9009015379845,129212.74347757004,0.0,100.0,32830,469.30919410000024
FIXED-100,42,27,545.6658486612403,145289.61482156996,0.0,100.0,33904,503.6716107000002
FIXED-100,42,28,775.2431859480621,159393.58192257004,0.0,100.0,34963,539.3242522999999
FIXED-100,42,29,725.99352255969,179333.19772056997,0.0,100.0,36184,576.6831737000002
FIXED-100,42,30,681.5868815527132,196920.3097474701,0.0,100.0,37289,615.2220434999999
FIXED-100,42,31,727.6768757868217,215543.29913347014,0.0,100.0,38209,654.2136423000002
FIXED-100,42,32,728.3709615604652,241078.9953434702,0.0,100.0,39106,694.6109522999996
FIXED-100,42,33,641.4380025069768,261208.7190474703,0.0,100.0,39741,736.4908116999995
FIXED-100,42,34,682.3560270023255,284440.04950047034,0.0,100.0,40434,778.2220432000004
FIXED-100,42,35,722.621728096124,311627.5386504703,0.0,100.0,41216,820.9670364000003
FIXED-100,42,36,681.1995660705426,339620.97227047035,0.0,100.0,41744,864.4454057000003
FIXED-100,99,0,963.4665231100774,6532.684123629999,0.0,100.0,919,3.965392199999769
FIXED-100,99,1,867.4734030003876,10068.24093582,0.0,100.0,1988,12.647717099999682
FIXED-100,99,2,865.4652040860465,10608.576428220005,0.0,100.0,2992,18.964988799999446
FIXED-100,99,3,868.2169084891473,11838.947411570001,0.0,100.0,4454,26.1519645999997
FIXED-100,99,4,1194.4056128232558,13662.167607470006,0.0,100.0,5977,34.15300339999976
FIXED-100,99,5,1098.88530251938,15497.978746470008,0.0,100.0,7246,43.140176699999756
FIXED-100,99,6,903.3384463426356,16655.260834970002,0.0,100.0,8466,53.36068290000003
FIXED-100,99,7,999.7779693992248,18162.20061947,0.0,100.0,9896,64.73636569999962
FIXED-100,99,8,1142.0813813186048,19563.940293770007,0.0,100.0,11152,77.43279789999997
FIXED-100,99,9,1142.0461385612402,20846.082061070003,0.0,100.0,12335,91.25504739999997
FIXED-100,99,10,1142.3355262891473,23293.260063269998,0.0,100.0,13488,106.08433220000006
FIXED-100,99,11,1097.2816163666666,26674.30354247001,0.0,100.0,14755,122.33204099999966
FIXED-100,99,12,720.701148931783,31926.565182870065,0.0,100.0,16108,139.93105549999927
FIXED-100,99,13,867.3109416062015,38939.43914337001,0.0,100.0,17734,159.16043269999955
FIXED-100,99,14,718.518815760465,47403.27665257001,0.0,100.0,19045,179.68122989999938
FIXED-100,99,15,811.5100389170542,54244.733432670044,0.0,100.0,20385,201.5618899000001
FIXED-100,99,16,770.1380238844961,59995.82851857005,0.0,100.0,21835,225.2744662999994
FIXED-100,99,17,859.972446179845,65945.64258757011,0.0,100.0,23022,250.22866169999998
FIXED-100,99,18,672.4440341410854,74146.30161757012,0.0,100.0,24281,276.36205979999977
FIXED-100,99,19,674.8706061550388,82195.63260487014,0.0,100.0,25754,303.9082400999996
FIXED-100,99,20,717.6302210333333,92807.04008247015,0.0,100.0,27062,333.26004289999946
FIXED-100,99,21,958.2024543596899,98140.24729637014,0.0,100.0,28211,363.8859806999999
FIXED-100,99,22,855.3668015759689,103874.7012293701,0.0,100.0,29247,396.04186649999974
FIXED-100,99,23,633.6537985984496,112118.64578857007,0.0,100.0,30343,429.51655969999956
FIXED-100,99,24,498.73144068217056,122496.14642667012,0.0,100.0,31431,464.5250301999995
FIXED-100,99,25,540.4529011170542,132932.11192067002,0.0,100.0,32436,501.8404142999998
FIXED-100,99,26,635.8028667147287,146414.75848257006,0.0,100.0,33607,538.8746273999996
FIXED-100,99,27,681.1038613286822,162768.8404287702,0.0,100.0,35073,577.3309106999995
FIXED-100,99,28,681.1353492728682,184579.96258367022,0.0,100.0,36308,617.351388
FIXED-100,99,29,726.9934781263565,204786.90724467032,0.0,100.0,37228,658.8432643999995
FIXED-100,99,30,680.9520092821705,224197.4265955703,0.0,100.0,38053,700.7548763999994
FIXED-100,99,31,682.9104445372093,243707.55948047029,0.0,100.0,39039,743.1408040999995
FIXED-100,99,32,683.9069546372093,263514.5074802703,0.0,100.0,39904,785.9586124999996
FIXED-100,99,33,588.7721457403101,289560.6664582703,0.0,100.0,40592,829.7831661
FIXED-100,99,34,723.2076152418605,313073.8754583703,0.0,100.0,41067,873.7045714999995
FIXED-100,99,35,635.7570479093024,340292.8359814703,0.0,100.0,41665,917.7949838999994
RANDOM-100,7,0,1142.3534570953489,11082.498713000003,0.0,100.0,724,4.9012063999998645
RANDOM-100,7,1,962.2797047248063,54643.57801350996,0.0,100.0,1501,14.03645510000024
RANDOM-100,7,2,860.5942687503876,94559.99678867993,0.0,100.0,2705,25.487430299999687
RANDOM-100,7,3,772.5426219448838,127410.6153527198,0.0,100.0,4425,38.926543600000514
RANDOM-100,7,4,723.6376935789923,159239.06631403972,0.0,100.0,6629,55.27527800000098
RANDOM-100,7,5,813.7544745627132,190527.61650241952,0.0,100.0,9022,75.36407270000018
RANDOM-100,7,6,817.4136040200775,219065.8328177894,0.0,100.0,11795,99.54871360000107
RANDOM-100,7,7,635.1216165186047,244748.51670872932,0.0,100.0,14647,127.37513639999997
RANDOM-100,7,8,728.9803061860465,271656.6462903291,0.0,100.0,17834,159.1026980000006
RANDOM-100,7,9,681.3817283968992,299397.83109192865,0.0,100.0,20881,195.47310990000005
RANDOM-100,7,10,684.118865234031,322662.3292797087,0.0,100.0,24154,236.27563499999997
RANDOM-100,7,11,681.0119844426356,343933.52908806887,0.0,100.0,27607,279.0989704000003
CHEAP-100,7,0,1142.3534570953489,11082.498713000003,0.0,100.0,724,4.907240799999272
CHEAP-100,7,1,1189.181692683721,11739.7206753,0.0,100.0,1521,13.381815200000347
CHEAP-100,7,2,1093.7460290596898,12491.477861469995,0.0,100.0,2267,21.815625799999907
CHEAP-100,7,3,1096.557072307752,14144.336806899993,0.0,100.0,2924,30.804458700000396
CHEAP-100,7,4,1185.9097372534884,16566.71649472,0.0,100.0,3556,40.22247679999964
CHEAP-100,7,5,1140.0348714813954,16716.43317386001,0.0,100.0,4214,50.22918369999934
CHEAP-100,7,6,1140.7377586581397,17966.248377679993,0.0,100.0,4841,60.469357600000876
CHEAP-100,7,7,1138.6696702937984,18469.108847779993,0.0,100.0,5448,71.1417507999995
CHEAP-100,7,8,1182.4786954674419,18662.606550379976,0.0,100.0,6124,82.33523729999979
CHEAP-100,7,9,1043.7192919147287,19213.033737179965,0.0,100.0,6774,94.09317089999968
CHEAP-100,7,10,1095.4935561333334,20231.10718777995,0.0,100.0,7433,106.91287469999952
CHEAP-100,7,11,1276.2012507868217,20627.688974979952,0.0,100.0,8024,119.88902380000036
CHEAP-100,7,12,1137.9438310658913,21199.988036619954,0.0,100.0,8646,133.23576219999995
CHEAP-100,7,13,1088.624538539535,22312.41967661993,0.0,100.0,9308,147.21275699999933
CHEAP-100,7,14,1042.1830275372092,22802.064778809916,0.0,100.0,9976,162.39287499999955
CHEAP-100,7,15,1138.2556528860464,25153.621722809916,0.0,100.0,10579,178.5477238000003
CHEAP-100,7,16,1000.7169540496125,26500.503347009893,0.0,100.0,11202,195.5395568999993
CHEAP-100,7,17,1145.9345781085271,27184.607921009905,0.0,100.0,11836,213.40412970000034
CHEAP-100,7,18,1093.4833289728683,27420.5481043099,0.0,100.0,12438,231.48135619999994
CHEAP-100,7,19,1184.4046053968991,28139.09920652991,0.0,100.0,13064,249.65991460000077
CHEAP-100,7,20,1231.4154465689924,28930.90789934991,0.0,100.0,13689,268.93485859999964
CHEAP-100,7,21,948.7473818255814,31824.988946869904,0.0,100.0,14300,289.3145273000009
CHEAP-100,7,22,812.2839875682171,34190.8596996699,0.0,100.0,14985,308.94581090000065
CHEAP-100,7,23,772.856816467442,36213.984821769845,0.0,100.0,15686,329.82800080000015
CHEAP-100,7,24,717.6782774891473,37263.52403246986,0.0,100.0,16330,352.22321419999935
CHEAP-100,7,25,948.8689087155038,37890.943078269855,0.0,100.0,16935,374.9102060999994
CHEAP-100,7,26,906.7999314844961,38902.96294986988,0.0,100.0,17506,399.21767920000093
CHEAP-100,7,27,811.8540759333334,40573.43771166992,0.0,100.0,18061,423.1249093000006
CHEAP-100,7,28,764.4405494341086,40922.43090506992,0.0,100.0,18646,446.5039830000005
CHEAP-100,7,29,997.8573600790697,41536.27282526991,0.0,100.0,19217,471.78664089999984
CHEAP-100,7,30,900.8683496224807,42701.626377469926,0.0,100.0,19800,496.8796478999993
CHEAP-100,7,31,1041.5468648550386,44436.331589569905,0.0,100.0,20445,521.4257717
CHEAP-100,7,32,992.7564748387597,46728.9289326699,0.0,100.0,21059,547.0896138999997
CHEAP-100,7,33,998.308612544186,48899.7646463699,0.0,100.0,21664,572.4801267000003
CHEAP-100,7,34,1091.6556761806203,50653.89572646986,0.0,100.0,22299,601.2757144999996
CHEAP-100,7,35,1085.211667931783,51667.090270369845,0.0,100.0,22897,624.8159828000007
CHEAP-100,7,36,1092.466569724806,55931.972300069865,0.0,100.0,23543,647.6825064999994
CHEAP-100,7,37,993.8912789077519,59333.22026316985,0.0,100.0,24162,671.1069826000003
CHEAP-100,7,38,995.1882186124031,62604.64658656987,0.0,100.0,24760,694.5955064999998
CHEAP-100,7,39,899.3028354426357,65690.62300266983,0.0,100.0,25479,718.6513135000005
CHEAP-100,7,40,946.6373840248061,68290.66280286975,0.0,100.0,26085,743.5737380999999
CHEAP-100,7,41,1090.6893089302325,71458.42008656973,0.0,100.0,26696,768.9545839000002
CHEAP-100,7,42,1092.8510582418605,74182.76948246977,0.0,100.0,27356,794.9905187000004
CHEAP-100,7,43,769.6324633961241,77352.41674836978,0.0,100.0,27983,821.8793803999997
CHEAP-100,7,44,1092.3704498534885,83239.80953846982,0.0,100.0,28634,849.490194
CHEAP-100,7,45,1054.6427786294573,87562.83223746989,0.0,100.0,29253,877.8483207000008
CHEAP-100,7,46,1138.8923387217055,91092.98993046982,0.0,100.0,29843,906.7844476999999
CHEAP-100,7,47,1009.0450102434108,95263.94831156972,0.0,100.0,30442,936.1308812000007
CHEAP-100,7,48,866.7861837069768,100312.53725046974,0.0,100.0,31159,966.2210474999993
CHEAP-100,7,49,1143.558868187597,107302.10764646975,0.0,100.0,31837,997.0082891000002
CHEAP-100,7,50,1055.1910390100777,114457.60335356968,0.0,100.0,32508,1029.6774492000004
CHEAP-100,7,51,1053.2221818224805,120415.05488056969,0.0,100.0,33025,1061.8394368999998
CHEAP-100,7,52,820.638814203876,129541.8806895697,0.0,100.0,33721,1094.6812069000007
CHEAP-100,7,53,814.9903213728683,135811.48961456964,0.0,100.0,34242,1128.1743139999999
CHEAP-100,7,54,773.4523622418604,146969.97463056963,0.0,100.0,34765,1162.5789513
CHEAP-100,7,55,818.9843808937984,155959.95739056967,0.0,100.0,35215,1197.4701710000008
CHEAP-100,7,56,819.9232023209302,162698.23021256964,0.0,100.0,35732,1232.3929308000006
CHEAP-100,7,57,684.646821172093,171951.49519056967,0.0,100.0,36382,1267.985287200001
CHEAP-100,7,58,772.8871864209302,180216.85981056967,0.0,100.0,36956,1304.0698804000003
CHEAP-100,7,59,773.6698792891474,188753.65731056966,0.0,100.0,37427,1340.399436400001
CHEAP-100,7,60,682.5879393899224,201141.0044305696,0.0,100.0,37967,1377.3621540000004
CHEAP-100,7,61,682.6997032581395,212714.1052105696,0.0,100.0,38592,1415.5883348999996
CHEAP-100,7,62,637.3784092503876,222073.81961556955,0.0,100.0,39095,1453.9175343000006
CHEAP-100,7,63,636.6429358085271,230936.6242935696,0.0,100.0,39616,1493.161435
CHEAP-100,7,64,637.169946451938,241110.73703956965,0.0,100.0,40122,1532.6333730999995
CHEAP-100,7,65,681.9942889868216,249747.81864956973,0.0,100.0,40538,1572.4727382
CHEAP-100,7,66,679.6550313511627,257543.71022956967,0.0,100.0,41010,1612.857292300001
CHEAP-100,7,67,636.7604753751938,265003.8859795697,0.0,100.0,41470,1653.6397878000007
CHEAP-100,7,68,682.1243888325581,272079.8534195697,0.0,100.0,41824,1695.0114362999993
CHEAP-100,7,69,637.224262592248,278703.6804295697,0.0,100.0,42120,1735.9811422000002
CHEAP-100,7,70,637.451718179845,286985.33894956973,0.0,100.0,42397,1777.6228314
CHEAP-100,7,71,636.1063325294574,295273.69882956974,0.0,100.0,42678,1833.0036980999994
CHEAP-100,7,72,639.8405214837209,302573.69882956974,0.0,100.0,42932,1888.0704685999995
CHEAP-100,7,73,636.860293468217,314873.69882956974,0.0,100.0,43356,1944.5160987999998
CHEAP-100,7,74,636.4720595286822,345738.3558207697,0.0,100.0,43747,2005.8544456999998
RANDOM-100,42,0,779.7429091751937,8872.8333318,0.0,100.0,796,5.10280110000167
RANDOM-100,42,1,738.2375717131782,51405.78349638993,0.0,100.0,1487,14.38409220000176
RANDOM-100,42,2,781.5916022310078,87386.60067048982,0.0,100.0,2824,25.587167100000443
RANDOM-100,42,3,865.4603733945737,124180.36231890983,0.0,100.0,4414,39.196357400000124
RANDOM-100,42,4,720.9077288670543,156312.71863639998,0.0,100.0,6514,55.63589050000155
RANDOM-100,42,5,582.9991774930232,185795.09597244023,0.0,100.0,8963,75.08823540000049
RANDOM-100,42,6,807.8436447275194,215101.58821884,0.0,100.0,11613,98.09370950000084
RANDOM-100,42,7,729.5717910674418,242511.1894009101,0.0,100.0,14519,126.03037030000087
RANDOM-100,42,8,631.9232747379845,270361.2432758104,0.0,100.0,17436,156.8272207000009
RANDOM-100,42,9,642.3783430313954,295980.2233321405,0.0,100.0,20600,192.28957430000082
RANDOM-100,42,10,636.9818401806201,324645.19911984046,0.0,100.0,23963,232.1283213000006
CHEAP-100,42,0,779.7429091751937,8872.8333318,0.0,100.0,796,5.065374499999962
CHEAP-100,42,1,783.3876450158915,8945.810649510004,0.0,100.0,1548,13.571121299999504
CHEAP-100,42,2,818.1867208294574,8990.690642830004,0.0,100.0,2219,22.084046699999817
CHEAP-100,42,3,826.6882934333333,9581.420984600003,0.0,100.0,2905,31.33359980000023
CHEAP-100,42,4,817.2766085573643,10671.546895320005,0.0,100.0,3691,40.611629700000776
CHEAP-100,42,5,867.7911223046511,10784.790498620005,0.0,100.0,4426,50.349210599999424
CHEAP-100,42,6,869.6377366131783,10977.605731769998,0.0,100.0,5091,60.62338020000061
CHEAP-100,42,7,772.8891549387597,12505.743699190007,0.0,100.0,5745,71.54785070000071
CHEAP-100,42,8,772.0086146302325,12682.601717290017,0.0,100.0,6375,82.80828549999933
CHEAP-100,42,9,723.8689042891473,12956.115986690022,0.0,100.0,6979,94.7191113000008
CHEAP-100,42,10,818.1780565534884,13373.035142890012,0.0,100.0,7579,107.6240773999998
CHEAP-100,42,11,737.8601352891474,15376.65638239001,0.0,100.0,8162,121.26112830000056
CHEAP-100,42,12,728.973714451938,15962.408267690009,0.0,100.0,8738,135.47632429999976
CHEAP-100,42,13,818.8700423356589,16350.02271059001,0.0,100.0,9322,149.83240020000085
CHEAP-100,42,14,769.5645222348837,17104.152346170016,0.0,100.0,9898,165.08959409999989
CHEAP-100,42,15,861.9519986449612,17615.932872570014,0.0,100.0,10487,180.84077699999943
CHEAP-100,42,16,772.6834305007751,18105.167613370013,0.0,100.0,11063,197.36385139999948
CHEAP-100,42,17,773.3728633286822,18710.259726670007,0.0,100.0,11626,214.50301030000082
CHEAP-100,42,18,821.0056454224806,19279.780370969977,0.0,100.0,12203,232.18395790000068
CHEAP-100,42,19,774.1604789170543,20579.610463569978,0.0,100.0,12809,250.3135526999995
CHEAP-100,42,20,824.1913983891474,22011.315283569962,0.0,100.0,13447,268.2589312
CHEAP-100,42,21,875.3563997620155,23544.566521269953,0.0,100.0,14052,287.7814208
CHEAP-100,42,22,777.6023015294573,24858.890357669945,0.0,100.0,14687,306.1903696999998
CHEAP-100,42,23,773.077813164341,26454.07346036995,0.0,100.0,15343,325.3934313000009
CHEAP-100,42,24,733.6557642527131,27320.535559369946,0.0,100.0,15997,345.19195220000074
CHEAP-100,42,25,729.0055514372093,29028.676990369964,0.0,100.0,16754,366.2195351999999
CHEAP-100,42,26,863.0562001658914,30564.98869436998,0.0,100.0,17536,387.6800719999992
CHEAP-100,42,27,908.8881519387596,32709.03740426999,0.0,100.0,18233,410.77743940000073
CHEAP-100,42,28,788.3254922271318,36020.08862416996,0.0,100.0,19094,434.8354978999996
CHEAP-100,42,29,908.1684783899225,37062.860825169955,0.0,100.0,19819,459.76686639999934
CHEAP-100,42,30,863.5313647635659,37827.04999606997,0.0,100.0,20531,487.20659309999974
CHEAP-100,42,31,911.4342308403101,42904.549893969976,0.0,100.0,21214,515.5908378000004
CHEAP-100,42,32,813.5807889093023,48065.257217069964,0.0,100.0,21829,544.4324808000001
CHEAP-100,42,33,951.3671054813954,52410.72823526995,0.0,100.0,22352,573.8375481999992
CHEAP-100,42,34,906.8140046379845,54934.419603069924,0.0,100.0,22951,604.8223309999994
CHEAP-100,42,35,770.2108263728682,56925.8081711699,0.0,100.0,23612,628.4084648000007
CHEAP-100,42,36,863.3703603108527,59283.84040026991,0.0,100.0,24270,651.6827670999992
CHEAP-100,42,37,813.6339782255814,61378.09826316991,0.0,100.0,24914,676.1570763
CHEAP-100,42,38,725.0713256217055,64034.642832169906,0.0,100.0,25478,700.7100566000008
CHEAP-100,42,39,906.2638835286822,67388.75891516989,0.0,100.0,26018,725.8428005999995
CHEAP-100,42,40,774.393978931783,70148.60398506995,0.0,100.0,26621,751.2673175
CHEAP-100,42,41,769.6333470875969,74911.01537496991,0.0,100.0,27197,777.6051977000006
CHEAP-100,42,42,632.3434019488373,79506.39320996983,0.0,100.0,27969,805.0665374
CHEAP-100,42,43,544.3566034968992,83238.02038596991,0.0,100.0,28593,832.9941240000007
CHEAP-100,42,44,592.4612813511628,87671.11287596992,0.0,100.0,29151,861.4849300000005
CHEAP-100,42,45,592.4262862961241,91407.85156316987,0.0,100.0,29712,890.3058987000004
CHEAP-100,42,46,498.37181718062016,95216.79824916995,0.0,100.0,30370,919.9027248000002
CHEAP-100,42,47,634.6127144891473,103535.36267816996,0.0,100.0,31001,950.4063817999995
CHEAP-100,42,48,586.5497468155038,110709.68979136998,0.0,100.0,31524,981.1549383000001
CHEAP-100,42,49,500.16409391782946,114157.86523936989,0.0,100.0,32169,1012.2540671000006
CHEAP-100,42,50,771.2656224914729,120390.77059336985,0.0,100.0,32701,1044.3869787000003
CHEAP-100,42,51,728.6233433744186,127841.39335936989,0.0,100.0,33213,1077.5881411999999
CHEAP-100,42,52,767.831145544186,132310.20902146984,0.0,100.0,33781,1111.2733764999994
CHEAP-100,42,53,634.3667940488372,138522.92208756992,0.0,100.0,34296,1145.2682175999998
CHEAP-100,42,54,726.0282417697674,147416.59067557,0.0,100.0,34843,1180.7679836999996
CHEAP-100,42,55,819.0339838093023,156050.85033857002,0.0,100.0,35317,1216.314202900001
CHEAP-100,42,56,727.8922651643411,165086.56901856995,0.0,100.0,35713,1252.4372789999998
CHEAP-100,42,57,679.711422079845,173823.61685857002,0.0,100.0,36118,1288.4403745
CHEAP-100,42,58,722.8615813046512,180102.78958856993,0.0,100.0,36627,1324.5665045999995
CHEAP-100,42,59,768.5794534054263,186397.54917156996,0.0,100.0,37036,1361.6112267000008
CHEAP-100,42,60,769.9617142503877,196098.96610957,0.0,100.0,37604,1398.9012328000008
CHEAP-100,42,61,775.7204672193799,205454.27055957005,0.0,100.0,38136,1436.8559860999994
CHEAP-100,42,62,683.2557573263565,215451.82568957005,0.0,100.0,38769,1476.2352264
CHEAP-100,42,63,776.2174522333333,227214.87456556995,0.0,100.0,39554,1516.0014814000006
CHEAP-100,42,64,779.9654640031007,236439.43830557,0.0,100.0,40052,1556.3544555000008
CHEAP-100,42,65,726.2515248077519,248584.94395556996,0.0,100.0,40475,1597.4165513000007
CHEAP-100,42,66,681.2786394891473,262051.22811556995,0.0,100.0,41016,1638.5199207999995
CHEAP-100,42,67,681.5606433418604,270457.28247557004,0.0,100.0,41414,1680.1480561000008
CHEAP-100,42,68,639.0032820573643,280549.7723855699,0.0,100.0,41786,1721.8829356000006
CHEAP-100,42,69,728.8128918465117,287730.21436556993,0.0,100.0,42191,1764.0840181999993
CHEAP-100,42,70,636.6638218170542,295588.1975955699,0.0,100.0,42471,1820.8020106000008
CHEAP-100,42,71,636.8866233046512,304009.43185556994,0.0,100.0,42763,1875.904191900001
CHEAP-100,42,72,680.1949565751937,319129.73075556994,0.0,100.0,43268,1932.3431300000007
RANDOM-100,99,0,963.4665231100774,6532.684123629999,0.0,100.0,919,5.460154899999907
RANDOM-100,99,1,769.2421990697675,43980.663984389954,0.0,100.0,1686,15.000658799999655
RANDOM-100,99,2,771.2154266596899,80697.92878968989,0.0,100.0,2997,26.613991299998816
RANDOM-100,99,3,673.926698427907,116019.77091158988,0.0,100.0,4807,40.80345849999867
RANDOM-100,99,4,588.9712619023256,147828.55566751977,0.0,100.0,6869,57.570240099999864
RANDOM-100,99,5,725.1462713976744,178324.25381552958,0.0,100.0,9293,77.86673929999961
RANDOM-100,99,6,722.5468508666667,208930.81123532975,0.0,100.0,11908,102.49226029999954
RANDOM-100,99,7,718.4957972542636,237300.54729187983,0.0,100.0,14730,130.62819510000008
RANDOM-100,99,8,677.7843178612403,264426.65279427974,0.0,100.0,17874,163.26860789999955
RANDOM-100,99,9,768.8366833581396,291528.5397146095,0.0,100.0,21085,200.46864169999935
RANDOM-100,99,10,723.131607172093,314675.95187220944,0.0,100.0,24436,242.6265609000002
RANDOM-100,99,11,716.666422975969,339010.4240361893,0.0,100.0,27764,286.1689405999987
CHEAP-100,99,0,963.4665231100774,6532.684123629999,0.0,100.0,919,5.229623600000195
CHEAP-100,99,1,867.9238272782945,8492.114932309998,0.0,100.0,1682,13.74487500000032
CHEAP-100,99,2,1004.5841515984496,8745.851673929998,0.0,100.0,2294,22.551136000000042
CHEAP-100,99,3,1005.6092925503875,8758.668274299996,0.0,100.0,2910,32.09143910000057
CHEAP-100,99,4,1041.5484943953488,9576.998911199995,0.0,100.0,3482,41.86138580000079
CHEAP-100,99,5,867.3669605759691,9979.680985199997,0.0,100.0,4126,51.58784220000052
CHEAP-100,99,6,1049.7660497062016,10280.37165111,0.0,100.0,4750,61.985380399999485
CHEAP-100,99,7,910.5947092728682,10609.325519970003,0.0,100.0,5417,72.58466690000023
CHEAP-100,99,8,863.1804617457365,10711.455391270005,0.0,100.0,6101,84.05932630000098
CHEAP-100,99,9,872.0176098930233,13610.544146270016,0.0,100.0,6783,96.45665569999983
CHEAP-100,99,10,774.2876466069768,14877.35661197002,0.0,100.0,7413,109.47715740000058
CHEAP-100,99,11,862.948851527907,16645.357742270033,0.0,100.0,8002,123.26201849999961
CHEAP-100,99,12,726.4745396852713,17043.185472570032,0.0,100.0,8634,138.1714150000007
CHEAP-100,99,13,814.87855904031,17304.90026037002,0.0,100.0,9224,153.17827940000097
CHEAP-100,99,14,863.6648409232558,17521.152885870033,0.0,100.0,9815,169.20330240000112
CHEAP-100,99,15,954.6067343596899,17962.182324270023,0.0,100.0,10390,186.36981990000095
CHEAP-100,99,16,953.0447669341086,18812.76609897003,0.0,100.0,10959,204.10762389999945
CHEAP-100,99,17,816.3335160248062,19566.307297170042,0.0,100.0,11536,222.37507060000098
CHEAP-100,99,18,814.349018924031,20374.920833370048,0.0,100.0,12115,241.3109604000001
CHEAP-100,99,19,904.6054119007752,23456.589236470052,0.0,100.0,12675,260.17620160000115
CHEAP-100,99,20,816.9469089992249,25410.933987970046,0.0,100.0,13234,279.88740340000004
CHEAP-100,99,21,810.5094522108527,26734.197451270044,0.0,100.0,13795,299.7463941999995
CHEAP-100,99,22,775.0823589248063,27865.238610470045,0.0,100.0,14363,319.29326870000114
CHEAP-100,99,23,767.9111254736433,28565.46731977004,0.0,100.0,14964,339.51026269999966
CHEAP-100,99,24,816.1684647620156,29422.69834247005,0.0,100.0,15544,359.84162450000076
CHEAP-100,99,25,819.8737367550387,30456.244846070047,0.0,100.0,16122,380.3435601000001
CHEAP-100,99,26,859.5085022736434,32209.073428970038,0.0,100.0,16674,402.45736580000084
CHEAP-100,99,27,771.6267256527133,33735.752863570044,0.0,100.0,17288,424.6154724000007
CHEAP-100,99,28,910.2655893348837,35983.123521570065,0.0,100.0,17971,447.6932305999999
CHEAP-100,99,29,866.8570779937984,38052.70873047006,0.0,100.0,18571,472.37228830000095
CHEAP-100,99,30,866.6109661100775,40532.178801270056,0.0,100.0,19197,497.82693500000096
CHEAP-100,99,31,819.8167211100775,42508.948200170016,0.0,100.0,19814,524.0164777999998
CHEAP-100,99,32,817.6976677069767,45807.41843617005,0.0,100.0,20433,550.3415354999997
CHEAP-100,99,33,814.6104793434109,48925.24716217008,0.0,100.0,21030,577.8683060000003
CHEAP-100,99,34,826.6526765744186,51938.91119717007,0.0,100.0,21640,607.7903984999994
CHEAP-100,99,35,915.0374242434109,53665.81827257008,0.0,100.0,22206,629.846882400001
CHEAP-100,99,36,734.6086348565891,55701.46550357009,0.0,100.0,22776,652.3988563000003
CHEAP-100,99,37,810.571043487597,59265.95219147011,0.0,100.0,23332,675.2025981999996
CHEAP-100,99,38,856.5907237372093,62641.33399547013,0.0,100.0,23878,698.4515157999995
CHEAP-100,99,39,771.5001507465116,64895.92968547013,0.0,100.0,24454,721.9750244999996
CHEAP-100,99,40,823.0060023573644,66861.47636447013,0.0,100.0,25062,746.0205834999997
CHEAP-100,99,41,779.0227977147287,70982.3915493701,0.0,100.0,25686,770.7397462000008
CHEAP-100,99,42,913.561464327907,75429.88504127008,0.0,100.0,26348,796.6373758999998
CHEAP-100,99,43,963.1111513666666,80889.36310207013,0.0,100.0,26970,822.7359156000002
CHEAP-100,99,44,916.751279475969,85773.36610437007,0.0,100.0,27537,849.3746671000008
CHEAP-100,99,45,915.6389364821706,90661.45474347007,0.0,100.0,28113,876.7450301999997
CHEAP-100,99,46,771.8248929325581,95284.27711657008,0.0,100.0,28801,904.5320362000002
CHEAP-100,99,47,917.2565727387597,98000.82753247008,0.0,100.0,29632,933.3332221000001
CHEAP-100,99,48,691.0354329015504,102605.95103247007,0.0,100.0,30280,962.9838854000009
CHEAP-100,99,49,959.8145631255815,107520.1923194701,0.0,100.0,31078,993.7926034000011
CHEAP-100,99,50,676.0672757147287,110558.93028147005,0.0,100.0,31873,1026.3979510000008
CHEAP-100,99,51,773.3455252806202,114109.82572447011,0.0,100.0,32510,1059.9069175999994
CHEAP-100,99,52,545.3201153744186,119654.84936747012,0.0,100.0,33201,1094.528956600001
CHEAP-100,99,53,870.1548508930232,126175.22713247009,0.0,100.0,33675,1129.4560562999995
CHEAP-100,99,54,860.1437813046512,133075.0467424701,0.0,100.0,34236,1165.3802099000004
CHEAP-100,99,55,916.5016422651163,140637.48377447005,0.0,100.0,34742,1201.3019822000006
CHEAP-100,99,56,867.4147745682171,149550.4228074702,0.0,100.0,35266,1238.139622300001
CHEAP-100,99,57,909.8642635294574,157299.54380747015,0.0,100.0,35742,1275.3850602000002
CHEAP-100,99,58,994.4572046302326,167507.1771894703,0.0,100.0,36211,1312.9555304000005
CHEAP-100,99,59,952.0337032201551,174785.42871547025,0.0,100.0,36728,1350.8234267000007
CHEAP-100,99,60,867.9575580248062,185122.7172854703,0.0,100.0,37162,1389.1199042000007
CHEAP-100,99,61,732.5561453899224,195930.0958554703,0.0,100.0,37478,1427.8454796999995
CHEAP-100,99,62,680.4710045069767,207809.3869654702,0.0,100.0,38105,1467.5967429000011
CHEAP-100,99,63,768.6643428248062,218199.30267147024,0.0,100.0,38714,1508.274629200001
CHEAP-100,99,64,681.1140845992248,229798.06110147026,0.0,100.0,39317,1549.6078586000003
CHEAP-100,99,65,640.2727761263566,240465.9921814703,0.0,100.0,39926,1591.6420815000001
CHEAP-100,99,66,637.3103921046511,249835.1746844703,0.0,100.0,40397,1633.8404501000005
CHEAP-100,99,67,683.0664175379845,257440.35051957032,0.0,100.0,40913,1676.7092276000003
CHEAP-100,99,68,683.1767329806202,265883.0915885703,0.0,100.0,41294,1719.8855815999996
CHEAP-100,99,69,637.5186683434108,272691.7767204703,0.0,100.0,41691,1763.5022074000008
CHEAP-100,99,70,682.8202462356589,279279.48437627027,0.0,100.0,42058,1817.3072186999993
CHEAP-100,99,71,637.8303941271319,288701.75055947027,0.0,100.0,42389,1873.4751179999994
CHEAP-100,99,72,678.5002866139534,298562.07124047034,0.0,100.0,42705,1927.4675130999995
CHEAP-100,99,73,680.1143794139535,305983.5084404703,0.0,100.0,42991,1987.4128590999994
CHEAP-100,99,74,636.2394554682171,316612.70394047035,0.0,100.0,43367,2032.5562907999993
CHEAP-100,99,75,681.0472298093023,334305.57560447033,0.0,100.0,43664,2077.2954949999994
