method_id,retriever,ranker,M,repeat,selected_seeds,final_spread_mean,final_spread_std,selection_runtime_seconds,gain_evaluation_runtime_seconds,spread_evaluation_runtime_seconds
method-001,Degree,OriginalOrder,10,,"[916, 410, 1265, 830, 1249, 72, 98, 1423, 310, 985]",300.05,41.65702221714846,0.0011281999991297198,5.181602400000202,0.07864840000002005
method-002,Degree,MarginalGainPredictor,10,,"[1265, 410, 310, 985, 1807, 916, 820, 1249, 1423, 1352]",316.76,37.355353030054474,0.016315599999870756,4.616412200000013,0.06462250000004133
method-003,Degree,OriginalOrder,20,,"[916, 410, 1265, 830, 1249, 72, 98, 1423, 310, 985]",300.05,41.65702221714846,0.0011288999994576443,5.181602400000202,0.07105649999994057
method-004,Degree,MarginalGainPredictor,20,,"[1265, 410, 310, 1807, 985, 820, 1277, 916, 2216, 1249]",321.69,39.99817370830824,0.013654999999744177,5.446024400000169,0.05041380000011486
method-005,Degree,OriginalOrder,50,,"[916, 410, 1265, 830, 1249, 72, 98, 1423, 310, 985]",300.05,41.65702221714846,0.0011289999997643463,5.181602400000202,0.04841119999991861
method-006,Degree,MarginalGainPredictor,50,,"[1265, 410, 310, 1807, 985, 2216, 820, 1277, 7995, 916]",311.37,37.04852358731721,0.011651999999685358,5.310798900000009,0.04905749999988984
method-007,Degree,OriginalOrder,100,,"[916, 410, 1265, 830, 1249, 72, 98, 1423, 310, 985]",300.05,41.65702221714846,0.0011285999996744067,5.181602400000202,0.04855439999982991
method-008,Degree,MarginalGainPredictor,100,,"[1265, 410, 310, 1807, 985, 2216, 820, 1277, 7995, 916]",311.37,37.04852358731721,0.010148500000013883,5.310798900000009,0.056902300000047035
method-009,DegreeDiscount,OriginalOrder,10,,"[12802, 12803, 1352, 12804, 310, 905, 72, 1277, 1249, 1439]",230.12,36.63175671463218,0.021714499999688996,5.39157739999996,0.043792800000119314
method-010,DegreeDiscount,MarginalGainPredictor,10,,"[310, 1277, 1249, 1816, 1439, 1423, 1352, 72, 1807, 1920]",267.11,39.54083838261399,0.035074500000291664,4.703695199999629,0.045056700000031924
method-011,DegreeDiscount,OriginalOrder,20,,"[12802, 12803, 1352, 12804, 310, 905, 72, 1277, 1249, 1439]",230.12,36.63175671463218,0.021714799999472234,5.39157739999996,0.04342169999995349
method-012,DegreeDiscount,MarginalGainPredictor,20,,"[310, 1807, 1277, 1423, 1439, 1265, 1352, 1920, 72, 3916]",277.27,45.675563488587635,0.035206799999741634,5.133032100000037,0.04630560000009609
method-013,DegreeDiscount,OriginalOrder,50,,"[12802, 12803, 1352, 12804, 310, 905, 72, 1277, 1249, 1439]",230.12,36.63175671463218,0.02171429999953034,5.39157739999996,0.04609410000011849
method-014,DegreeDiscount,MarginalGainPredictor,50,,"[1265, 410, 310, 1807, 985, 1277, 7995, 1423, 1816, 1439]",296.2,40.58595816289176,0.04108739999901445,5.368695399999979,0.046982200000002194
method-015,DegreeDiscount,OriginalOrder,100,,"[12802, 12803, 1352, 12804, 310, 905, 72, 1277, 1249, 1439]",230.12,36.63175671463218,0.021715299999186755,5.39157739999996,0.04400119999991148
method-016,DegreeDiscount,MarginalGainPredictor,100,,"[1265, 410, 310, 1807, 985, 2216, 820, 1277, 7995, 1423]",319.37,42.676376369134246,0.0423139999995783,5.310798900000009,0.05500209999991057
method-017,FeatureDQN,OriginalOrder,10,,"[2034, 1126, 1158, 4826, 1236, 723, 711, 461, 905, 2510]",91.98,25.475078017544913,0.013725599999588667,5.063668399999415,0.02134000000000924
method-018,FeatureDQN,MarginalGainPredictor,10,,"[905, 2510, 7963, 1158, 2105, 2854, 892, 228, 2032, 4826]",181.87,30.437035006715092,0.02876160000027994,5.19547149999994,0.023521900000105234
method-019,FeatureDQN,OriginalOrder,20,,"[2034, 1126, 1158, 4826, 1236, 723, 711, 461, 905, 2510]",91.98,25.475078017544913,0.013725500000646207,5.063668399999415,0.014201199999888559
method-020,FeatureDQN,MarginalGainPredictor,20,,"[892, 3916, 2105, 7963, 2122, 905, 901, 2510, 4331, 228]",217.3,37.745330837071755,0.025704000000359883,4.902650700000095,0.026821299999937764
method-021,FeatureDQN,OriginalOrder,50,,"[2034, 1126, 1158, 4826, 1236, 723, 711, 461, 905, 2510]",91.98,25.475078017544913,0.013725000000022192,5.063668399999415,0.013984400000026653
method-022,FeatureDQN,MarginalGainPredictor,50,,"[916, 1423, 3916, 892, 592, 2105, 4331, 7963, 2014, 12804]",193.34,32.531898192389576,0.02590059999965888,5.372501499999771,0.029322299999876122
method-023,FeatureDQN,OriginalOrder,100,,"[2034, 1126, 1158, 4826, 1236, 723, 711, 461, 905, 2510]",91.98,25.475078017544913,0.01372550000019146,5.063668399999415,0.013734600000134378
method-024,FeatureDQN,MarginalGainPredictor,100,,"[916, 1423, 1352, 1255, 658, 1920, 3916, 408, 830, 820]",200.61,37.08285183208001,0.027775000000019645,5.231883899999957,0.03129979999994248
method-025,Random,OriginalOrder,10,0,"[287, 1236, 12383, 905, 1324, 4511, 927, 310, 2854, 9608]",132.07,28.250753972239394,0.0005388999998103827,5.333564099999876,0.020372800000131974
method-026,Random,MarginalGainPredictor,10,0,"[287, 1255, 1978, 1816, 5753, 1807, 1265, 985, 7995, 692]",279.95,42.25455596737469,0.014080299999932322,5.034756500000412,0.04402439999989838
method-027,Random,OriginalOrder,20,0,"[287, 1236, 12383, 905, 1324, 4511, 927, 310, 2854, 9608]",132.07,28.250753972239394,0.0005387999999584281,5.333564099999876,0.020364499999914187
method-028,Random,MarginalGainPredictor,20,0,"[830, 1277, 408, 1807, 410, 618, 1249, 1816, 3078, 310]",295.74,38.49691416204681,0.014236500000151864,5.624738799999932,0.04513200000019424
method-029,Random,OriginalOrder,50,0,"[287, 1236, 12383, 905, 1324, 4511, 927, 310, 2854, 9608]",132.07,28.250753972239394,0.0005401000003075751,5.333564099999876,0.020319599999993443
method-030,Random,MarginalGainPredictor,50,0,"[1265, 1807, 410, 985, 310, 820, 2216, 1277, 1920, 7995]",331.1,41.79820570311601,0.013547100000550927,5.460865900000272,0.05715969999982917
method-031,Random,OriginalOrder,100,0,"[287, 1236, 12383, 905, 1324, 4511, 927, 310, 2854, 9608]",132.07,28.250753972239394,0.000539300000127696,5.333564099999876,0.02056270000002769
method-032,Random,MarginalGainPredictor,100,0,"[1265, 1807, 410, 985, 310, 2216, 820, 1277, 1439, 7995]",329.9,39.53239178192992,0.011793199999829085,4.904055299999754,0.050353999999970256
method-033,Random,OriginalOrder,10,1,"[2368, 892, 11244, 12385, 11250, 88, 3700, 932, 12377, 1807]",132.03,28.343766510469283,0.00048249999986182956,5.478129499999795,0.022380800000064482
method-034,Random,MarginalGainPredictor,10,1,"[310, 1978, 1249, 9070, 2216, 181, 1439, 5753, 658, 1807]",295.34,41.11282524954956,0.014414699999861114,4.3725584999995135,0.04415449999987686
method-035,Random,OriginalOrder,20,1,"[2368, 892, 11244, 12385, 11250, 88, 3700, 932, 12377, 1807]",132.03,28.343766510469283,0.00048510000010537624,5.478129499999795,0.02242500000011205
method-036,Random,MarginalGainPredictor,20,1,"[310, 1978, 1265, 1249, 618, 1255, 1423, 1807, 1816, 820]",256.89,34.80140658076912,0.012741600000254039,4.971827400000166,0.042415100000198436
method-037,Random,OriginalOrder,50,1,"[2368, 892, 11244, 12385, 11250, 88, 3700, 932, 12377, 1807]",132.03,28.343766510469283,0.00048320000018975406,5.478129499999795,0.022062699999878532
method-038,Random,MarginalGainPredictor,50,1,"[310, 7995, 1265, 1249, 3078, 1807, 2216, 1439, 410, 820]",329.88,40.65520384895395,0.012792699999863544,4.8228811000001315,0.05047889999991639
method-039,Random,OriginalOrder,100,1,"[2368, 892, 11244, 12385, 11250, 88, 3700, 932, 12377, 1807]",132.03,28.343766510469283,0.0004834999995182443,5.478129499999795,0.023282099999960337
method-040,Random,MarginalGainPredictor,100,1,"[310, 1265, 410, 1807, 985, 2216, 1423, 820, 1277, 1439]",322.63,40.21906388766402,0.013916699999981574,4.974337100000184,0.04878319999988889
method-041,Random,OriginalOrder,10,2,"[118, 1249, 6314, 188, 2414, 905, 1392, 2368, 1580, 4934]",137.19,32.602360343999635,0.0005316999997830862,5.55615859999989,0.01999729999988631
method-042,Random,MarginalGainPredictor,10,2,"[6314, 1249, 5753, 1265, 5454, 985, 7995, 916, 72, 310]",285.04,42.22225005847036,0.01342629999953715,4.44345380000027,0.04684169999995902
method-043,Random,OriginalOrder,20,2,"[118, 1249, 6314, 188, 2414, 905, 1392, 2368, 1580, 4934]",137.19,32.602360343999635,0.0005321999994976068,5.55615859999989,0.020396600000140097
method-044,Random,MarginalGainPredictor,20,2,"[6314, 1249, 5753, 1265, 7995, 985, 181, 916, 410, 310]",325.01,33.92388391679231,0.01165799999967021,5.0679436000002624,0.05100089999996271
method-045,Random,OriginalOrder,50,2,"[118, 1249, 6314, 188, 2414, 905, 1392, 2368, 1580, 4934]",137.19,32.602360343999635,0.0005320999994182785,5.55615859999989,0.019994699999870136
method-046,Random,MarginalGainPredictor,50,2,"[1265, 1807, 985, 2216, 820, 410, 1277, 916, 1352, 1423]",287.37,39.910814323939825,0.012117299999317765,4.9069713999997475,0.04356570000004467
method-047,Random,OriginalOrder,100,2,"[118, 1249, 6314, 188, 2414, 905, 1392, 2368, 1580, 4934]",137.19,32.602360343999635,0.0005333999993126781,5.55615859999989,0.021309700000074372
method-048,Random,MarginalGainPredictor,100,2,"[1265, 410, 1807, 985, 310, 2216, 1277, 7995, 916, 820]",312.09,41.56034047021271,0.01276389999929961,4.962966899999856,0.047868799999832845
method-049,Random,OriginalOrder,10,3,"[181, 12381, 547, 7995, 7993, 12380, 657, 2034, 4934, 1943]",132.34,26.978962174257184,0.00047010000002956076,5.407876699999861,0.02235770000015691
method-050,Random,MarginalGainPredictor,10,3,"[2216, 2014, 6314, 1439, 1265, 1255, 1352, 4679, 9070, 1978]",258.15,38.78952822605606,0.01405150000005051,4.545068599999922,0.04207170000017868
method-051,Random,OriginalOrder,20,3,"[181, 12381, 547, 7995, 7993, 12380, 657, 2034, 4934, 1943]",132.34,26.978962174257184,0.0004714000003787078,5.407876699999861,0.023745599999983824
method-052,Random,MarginalGainPredictor,20,3,"[2216, 1807, 3078, 1277, 1265, 3916, 1352, 916, 692, 985]",279.7,37.25546939712343,0.014558500000703134,5.269871599999533,0.04183540000008179
method-053,Random,OriginalOrder,50,3,"[181, 12381, 547, 7995, 7993, 12380, 657, 2034, 4934, 1943]",132.34,26.978962174257184,0.00047159999985524337,5.407876699999861,0.022028999999974985
method-054,Random,MarginalGainPredictor,50,3,"[2216, 1807, 410, 1249, 1265, 916, 820, 1816, 985, 1439]",301.07,39.25691149339183,0.013099400000555761,4.9561195000001135,0.045986500000026354
method-055,Random,OriginalOrder,100,3,"[181, 12381, 547, 7995, 7993, 12380, 657, 2034, 4934, 1943]",132.34,26.978962174257184,0.00047150000000328873,5.407876699999861,0.021522000000004482
method-056,Random,MarginalGainPredictor,100,3,"[2216, 1265, 410, 1807, 820, 310, 985, 916, 1249, 1277]",323.03,40.646390983702354,0.014123300000392192,5.0258874000001015,0.04891229999998359
method-057,Random,OriginalOrder,10,4,"[985, 2442, 2717, 4758, 7993, 1785, 2122, 2368, 2146, 58]",157.72,26.112479775004136,0.0004988999990018783,5.279134200000044,0.020300500000075772
method-058,Random,MarginalGainPredictor,10,4,"[985, 410, 1423, 1265, 1277, 4305, 1807, 1249, 1352, 5753]",287.18,41.66518450697176,0.01443369999992683,4.892212200000358,0.04561179999996057
method-059,Random,OriginalOrder,20,4,"[985, 2442, 2717, 4758, 7993, 1785, 2122, 2368, 2146, 58]",157.72,26.112479775004136,0.0005008999994515762,5.279134200000044,0.019848299999921437
method-060,Random,MarginalGainPredictor,20,4,"[985, 410, 1423, 1265, 1277, 679, 1807, 1249, 2216, 5753]",306.85,38.62806622133704,0.0099852999999257,5.13219909999998,0.04665490000002137
method-061,Random,OriginalOrder,50,4,"[985, 2442, 2717, 4758, 7993, 1785, 2122, 2368, 2146, 58]",157.72,26.112479775004136,0.0004997999994884594,5.279134200000044,0.022946599999841055
method-062,Random,MarginalGainPredictor,50,4,"[410, 1265, 310, 985, 1277, 6314, 1807, 1249, 916, 1352]",293.75,41.30965383539301,0.014963000000307147,5.290896700000076,0.045889900000020134
method-063,Random,OriginalOrder,100,4,"[985, 2442, 2717, 4758, 7993, 1785, 2122, 2368, 2146, 58]",157.72,26.112479775004136,0.0004999999994197424,5.279134200000044,0.01992530000006809
method-064,Random,MarginalGainPredictor,100,4,"[410, 1265, 310, 985, 1277, 916, 1807, 2216, 1816, 820]",300.45,38.42456896309964,0.013256999999839536,5.181465799999614,0.047614500000008775
method-065,Random,OriginalOrder,10,5,"[5454, 597, 802, 7123, 2272, 12382, 1816, 3700, 228, 2477]",203.11,31.47789541884908,0.0005325999995875463,5.2763645,0.02754489999983889
method-066,Random,MarginalGainPredictor,10,5,"[1255, 9070, 7995, 3916, 699, 1807, 3078, 1249, 1352, 181]",218.87,37.60442926039431,0.013649699999859877,4.756968300000153,0.03375899999991816
method-067,Random,OriginalOrder,20,5,"[5454, 597, 802, 7123, 2272, 12382, 1816, 3700, 228, 2477]",203.11,31.47789541884908,0.0005335999996987084,5.2763645,0.029791599999953178
method-068,Random,MarginalGainPredictor,20,5,"[820, 1816, 1277, 9070, 1255, 1807, 3078, 1249, 7995, 1265]",239.6,40.094887454636904,0.014206799999556097,5.155476299999918,0.03828079999993861
method-069,Random,OriginalOrder,50,5,"[5454, 597, 802, 7123, 2272, 12382, 1816, 3700, 228, 2477]",203.11,31.47789541884908,0.0005336999997780367,5.2763645,0.027149400000098467
method-070,Random,MarginalGainPredictor,50,5,"[410, 1265, 310, 916, 820, 985, 1277, 1807, 1255, 7995]",291.1,39.80741137024612,0.011637100000143619,5.381933000000117,0.05224080000016329
method-071,Random,OriginalOrder,100,5,"[5454, 597, 802, 7123, 2272, 12382, 1816, 3700, 228, 2477]",203.11,31.47789541884908,0.0005333999997674255,5.2763645,0.0284191999999166
method-072,Random,MarginalGainPredictor,100,5,"[410, 1265, 310, 2216, 1807, 1277, 985, 7995, 1816, 820]",302.22,37.659150282501066,0.012488600000096994,4.9862661000001935,0.04605259999993905
method-073,Random,OriginalOrder,10,6,"[189, 2854, 2216, 2455, 595, 12380, 193, 3916, 2717, 11247]",126.56,27.26694702382355,0.0005678000002262706,5.390445099999624,0.01881720000005771
method-074,Random,MarginalGainPredictor,10,6,"[410, 597, 1352, 1920, 98, 1816, 2216, 310, 4934, 1439]",241.95,38.62677180402214,0.013504999999895517,4.9546582999996645,0.05017309999993813
method-075,Random,OriginalOrder,20,6,"[189, 2854, 2216, 2455, 595, 12380, 193, 3916, 2717, 11247]",126.56,27.26694702382355,0.0005686999998033571,5.390445099999624,0.01886869999998453
method-076,Random,MarginalGainPredictor,20,6,"[410, 916, 1807, 98, 310, 3078, 1352, 820, 1265, 7995]",295.96,37.293409605451735,0.013100300000587595,5.428964800000358,0.046770600000172635
method-077,Random,OriginalOrder,50,6,"[189, 2854, 2216, 2455, 595, 12380, 193, 3916, 2717, 11247]",126.56,27.26694702382355,0.0005693999996765342,5.390445099999624,0.020055200000115292
method-078,Random,MarginalGainPredictor,50,6,"[1265, 916, 1807, 2216, 410, 1816, 1277, 985, 7995, 310]",301.91,42.84485850134179,0.013855900000407928,4.9998647000002165,0.04562809999993078
method-079,Random,OriginalOrder,100,6,"[189, 2854, 2216, 2455, 595, 12380, 193, 3916, 2717, 11247]",126.56,27.26694702382355,0.000568800000110059,5.390445099999624,0.02119370000013987
method-080,Random,MarginalGainPredictor,100,6,"[1265, 410, 1807, 985, 310, 916, 2216, 820, 1277, 1816]",305.39,41.031425761238175,0.011815500000238899,4.920730999999705,0.05115069999988009
method-081,Random,OriginalOrder,10,7,"[1352, 12375, 1580, 1638, 1140, 5753, 2066, 9077, 3078, 11248]",147.01,29.789090284867715,0.0005407999999533786,5.164796900000283,0.027325999999902706
method-082,Random,MarginalGainPredictor,10,7,"[985, 1277, 1439, 5753, 692, 5454, 597, 820, 916, 9608]",274.59,47.74287276651877,0.014777400000639318,4.800081099999943,0.0464932999998382
method-083,Random,OriginalOrder,20,7,"[1352, 12375, 1580, 1638, 1140, 5753, 2066, 9077, 3078, 11248]",147.01,29.789090284867715,0.0005417999993824196,5.164796900000283,0.024185799999941082
method-084,Random,MarginalGainPredictor,20,7,"[985, 1807, 1423, 310, 3078, 410, 3700, 1277, 916, 699]",324.13,44.3999222972293,0.012993800000231204,5.5058319999998275,0.05046229999993557
method-085,Random,OriginalOrder,50,7,"[1352, 12375, 1580, 1638, 1140, 5753, 2066, 9077, 3078, 11248]",147.01,29.789090284867715,0.0005419999997684499,5.164796900000283,0.02414960000010069
method-086,Random,MarginalGainPredictor,50,7,"[985, 410, 310, 1277, 1920, 1265, 820, 1816, 916, 1249]",292.25,38.02193445894093,0.012751599999319296,5.004833800000142,0.04817769999999655
method-087,Random,OriginalOrder,100,7,"[1352, 12375, 1580, 1638, 1140, 5753, 2066, 9077, 3078, 11248]",147.01,29.789090284867715,0.0005416000001332577,5.164796900000283,0.023271200000181125
method-088,Random,MarginalGainPredictor,100,7,"[410, 1265, 985, 310, 1277, 1807, 2216, 916, 7995, 1249]",313.37,40.99845240981664,0.014698599999974249,5.301128599999629,0.04961449999996148
method-089,Random,OriginalOrder,10,8,"[475, 618, 541, 6159, 11248, 14031, 4679, 11245, 656, 776]",96.62,23.042473825524898,0.000489800000195828,5.078708899999583,0.01813640000000305
method-090,Random,MarginalGainPredictor,10,8,"[1352, 618, 7995, 410, 1920, 4285, 916, 310, 1638, 1816]",232.3,38.36678250778921,0.013763399999788817,4.771342199999708,0.03680959999996958
method-091,Random,OriginalOrder,20,8,"[475, 618, 541, 6159, 11248, 14031, 4679, 11245, 656, 776]",96.62,23.042473825524898,0.0004905000002963789,5.078708899999583,0.017702500000041255
method-092,Random,MarginalGainPredictor,20,8,"[1439, 410, 1265, 658, 1920, 916, 6314, 310, 3700, 3078]",323.33,40.034249087500065,0.013756300000068222,5.179859300000089,0.04924239999991187
method-093,Random,OriginalOrder,50,8,"[475, 618, 541, 6159, 11248, 14031, 4679, 11245, 656, 776]",96.62,23.042473825524898,0.0004913000000215106,5.078708899999583,0.018286400000079084
method-094,Random,MarginalGainPredictor,50,8,"[820, 410, 1265, 3078, 1807, 310, 7995, 985, 1277, 1439]",313.52,35.313589452220796,0.014308999999457228,5.195201099999849,0.0482984000000215
method-095,Random,OriginalOrder,100,8,"[475, 618, 541, 6159, 11248, 14031, 4679, 11245, 656, 776]",96.62,23.042473825524898,0.0004908999999315711,5.078708899999583,0.018437600000197563
method-096,Random,MarginalGainPredictor,100,8,"[1265, 410, 985, 310, 820, 2216, 7995, 1807, 1277, 916]",313.34,40.07199021760711,0.0133507999998983,5.000958699999956,0.046541700000034325
method-097,Random,OriginalOrder,10,9,"[4934, 692, 1423, 4103, 985, 1126, 11796, 679, 1140, 4824]",188.67,31.470956451941525,0.0004824999996344559,5.208442200000263,0.02445409999995718
method-098,Random,MarginalGainPredictor,10,9,"[2216, 1816, 1423, 611, 985, 1265, 3916, 1277, 1807, 4934]",261.36,45.35846558251282,0.013668600000528386,4.822295000000167,0.03669220000006135
method-099,Random,OriginalOrder,20,9,"[4934, 692, 1423, 4103, 985, 1126, 11796, 679, 1140, 4824]",188.67,31.470956451941525,0.0004833000000417087,5.208442200000263,0.024401299999908588
method-100,Random,MarginalGainPredictor,20,9,"[1807, 410, 310, 9070, 916, 1249, 2216, 618, 820, 985]",282.71,37.727786842061114,0.014469799999915267,5.076984100000118,0.03983119999998053
method-101,Random,OriginalOrder,50,9,"[4934, 692, 1423, 4103, 985, 1126, 11796, 679, 1140, 4824]",188.67,31.470956451941525,0.00048310000033779943,5.208442200000263,0.024122100000113278
method-102,Random,MarginalGainPredictor,50,9,"[1807, 1265, 410, 2216, 1277, 985, 9070, 820, 1249, 310]",333.64,41.76063217912296,0.012829100000544713,5.085740000000214,0.04936990000010155
method-103,Random,OriginalOrder,100,9,"[4934, 692, 1423, 4103, 985, 1126, 11796, 679, 1140, 4824]",188.67,31.470956451941525,0.0004831000005651731,5.208442200000263,0.024008399999956964
method-104,Random,MarginalGainPredictor,100,9,"[1265, 410, 1807, 985, 310, 820, 1277, 2216, 7995, 1249]",320.22,42.17690837413288,0.010327399999823683,4.691115700000182,0.04938829999991867
