week,repeat,method,complete,steps,cost,exact_full_trajectory,controller_s,full_controller_s,controller_reduction,controller_cpu_s,full_controller_cpu_s,search_s,full_search_s,search_reduction,n1_forecast_s,all_forecast_s,all_forecast_fraction,full_search_fraction,other_control_s,full_other_control_s,physical_s,setup_s,bookkeeping_s,controller_plus_physical_reduction,init_inclusive_reduction,decision_p95_s,decision_p99_s,decision_max_s,search_p95_s,n1_queries,full_n1_queries,query_reduction,public_forecasts,full_public_forecasts,prior_s,feature_s,forward_rank_s
2035-03-05_0,0,FULL,True,2017,2964114.382446289,True,187.2795484999806,187.2795484999806,0.0,186.234375,186.234375,28.4380833000032,28.4380833000032,0.0,27.016833000150655,38.088744899854646,0.20337909400640505,0.15184831193677376,158.8414651999774,158.8414651999774,2.830408900103066,4.4249447000001965,2.561793899978511,0.0,0.0,0.5391476000004332,2.641639599998598,5.61076409999805,2.908832099998108,9578,9578,0.0,14344,14344,0.0,0.0,0.0
2035-03-05_0,0,GNN0_128_GUARD,True,2017,2964114.382446289,True,203.31894189998275,187.2795484999806,-0.08564412680653066,201.3125,186.234375,26.907298800000717,28.4380833000032,0.05382868050050016,22.420179200023995,34.85625169993,0.17143632252953878,0.15184831193677376,176.41164309998203,158.8414651999774,3.1970663001229696,4.189330500001233,2.7268484001615434,-0.08629769331595694,-0.08012986252660914,0.559564400002273,2.5513480000008713,7.472268900000927,4.16390109999702,6559,9578,0.31520150344539566,11325,14344,2.9806728000003204,0.03359620001356234,0.028011399994284147
2035-03-05_0,0,OLDNN128_GUARD,True,2017,2964114.382446289,True,204.58173449997776,187.2795484999806,-0.09238694848732476,202.1875,186.234375,26.688707199995406,28.4380833000032,0.061515260418679385,22.36385980000705,34.691749700115906,0.1695740325249793,0.15184831193677376,177.89302729998235,158.8414651999774,3.206047700081399,4.399992999999085,2.765817300092749,-0.09298736921376904,-0.08779577423311324,0.5660852000000887,2.6375076999975136,7.532270600000629,4.2879474999972444,6559,9578,0.31520150344539566,11325,14344,3.0189758999913465,0.0,0.0
2035-03-05_0,0,GNN1_128_GUARD,True,2017,2964114.382446289,True,234.19564900006299,187.2795484999806,-0.25051374202820265,230.640625,186.234375,30.57668339999873,28.4380833000032,-0.0752019774833168,25.35956829991119,40.134465000206546,0.17137152279116746,0.15184831193677376,203.61896560006426,158.8414651999774,3.7731825999399007,4.282125099998666,3.3472165999955905,-0.25174312200386706,-0.23960746399771082,0.7117279999984021,2.82286860000022,7.6734120000000985,4.313665199999377,6559,9578,0.31520150344539566,11325,14344,3.4301185999938753,0.03636329999790178,0.030015000000275904
2035-06-25_8,0,GNN0_128_GUARD,False,1901,1156085.3905029297,True,183.563307000004,155.6079471999874,-0.17965251970124863,181.9375,153.53125,10.854052599999704,11.973147500000778,0.09346706035326136,8.636276199991698,17.88717620013267,0.0974441814786671,0.0769443188181956,172.70925440000428,143.63479969998662,2.829021100049431,4.399941200001194,1.4054557999807002,-0.18029505795908563,-0.1750291918267004,0.6553309000009904,0.7585208000018611,4.221801499999856,3.4172474999977567,2440,4002,0.39030484757621187,5897,7459,1.5536867000009806,0.014601299997593742,0.013534499994420912
2035-06-25_8,0,OLDNN128_GUARD,False,1901,1156085.3905029297,True,188.36713019999297,155.6079471999874,-0.21052384270517654,187.390625,153.53125,11.298479600001883,11.973147500000778,0.05634841632067511,9.127695700124605,18.80902559995957,0.09985301352730526,0.0769443188181956,177.0686505999911,143.63479969998662,2.9243791000990313,5.092195099998207,1.3481412000728596,-0.2113182197887271,-0.20707102053208648,0.6560193999976036,0.6960901000020385,4.313035499999387,3.6212938999997277,2440,4002,0.39030484757621187,5897,7459,1.5369377000024542,0.0,0.0
2035-06-25_8,0,GNN1_128_GUARD,False,1901,1156085.3905029297,True,152.0806110999656,155.6079471999874,0.022668097378654162,150.8125,153.53125,8.338655499999732,11.973147500000778,0.3035535977486964,6.698242499987828,14.492565599906811,0.09529528777590564,0.0769443188181956,143.74195559996588,143.63479969998662,2.3781674999154347,5.115213099998073,1.0484735999707482,0.021918257590646473,0.015813352519272184,0.5248028999994858,0.644885500001692,3.290508599999157,2.4029921000001195,2440,4002,0.39030484757621187,5897,7459,1.1689581000027829,0.012128999995184131,0.011518899995280663
2035-06-25_8,0,FULL,False,1901,1156085.3905029297,True,155.6079471999874,155.6079471999874,0.0,153.53125,153.53125,11.973147500000778,11.973147500000778,0.0,11.216032400032418,18.904438299898175,0.1214876144828399,0.0769443188181956,143.63479969998662,143.63479969998662,2.312165100029233,4.171541199997591,1.292165599992586,0.0,0.0,0.5434341000000131,0.5753931999970519,3.2347165000028326,2.7568590000009863,4002,4002,0.0,7459,7459,0.0,0.0,0.0
2035-09-03_4,0,OLDNN128_GUARD,True,2017,1289912.7855377197,True,197.75529359998836,168.04032550007105,-0.17683236456183105,194.40625,166.515625,19.594766700000037,21.825600000000122,0.10221177424675942,16.702089799880923,27.6849100999425,0.1399957978163783,0.1298831095158221,178.16052689998833,146.21472550007093,3.666168500069034,4.195287499998813,2.1770567999810737,-0.17752989378253115,-0.1693544211838931,0.7165181000018492,0.7535342000010132,5.50330810000014,3.770653899999161,5638,7200,0.2169444444444445,9300,10862,1.991987399997015,0.0,0.0
2035-09-03_4,0,GNN1_128_GUARD,True,2017,1289912.7855377197,True,173.14900750001834,168.04032550007105,-0.030401524067180663,171.5625,166.515625,23.39104039999802,21.825600000000122,-0.07172496517840932,19.921522200049367,29.208591200313094,0.1686904916293557,0.1298831095158221,149.75796710002032,146.21472550007093,3.1064523999484663,5.4554451999974845,2.353486800020619,-0.03040694278894307,-0.0364321414262605,0.5487906000016665,0.5789222999992489,7.212769000001572,4.255968400000711,5638,7200,0.2169444444444445,9300,10862,2.2176404999991064,0.02232269999512937,0.019796600001427578
2035-09-03_4,0,FULL,True,2017,1289912.7855377197,True,168.04032550007105,168.04032550007105,0.0,166.515625,166.515625,21.825600000000122,21.825600000000122,0.0,20.846566699881805,29.783072900085244,0.1772376529946239,0.1298831095158221,146.21472550007093,146.21472550007093,3.0138983999604534,4.212840700001834,2.0220720000033907,0.0,0.0,0.5472147000000405,0.5696545999999216,5.2574101999998675,3.5219445999973686,7200,7200,0.0,10862,10862,0.0,0.0,0.0
2035-09-03_4,0,GNN0_128_GUARD,True,2017,1289912.7855377197,True,165.6878280998717,168.04032550007105,0.01399960035306147,163.875,166.515625,19.430342899995594,21.825600000000122,0.10974530368028901,16.522504699965793,25.806141099936212,0.1557515805227469,0.1298831095158221,146.2574851998761,146.21472550007093,3.029232199969556,4.26544709999871,1.9554837000796397,0.013663290779397208,0.01322881947992638,0.5468686999993224,0.5662766000023112,5.543006899999455,3.6243365999980597,5638,7200,0.2169444444444445,9300,10862,1.894756800003961,0.019207299996196525,0.01811519999318989
2035-10-01_5,0,GNN1_128_GUARD,True,2017,1544822.9655151367,True,165.11983050003982,193.89043210002274,0.14838587592161823,162.984375,190.265625,1.402344099999027,6.186846100001276,0.7733345751078666,0.7207989999769779,8.183267199980037,0.04955956637793462,0.031908980927999854,163.7174864000408,187.70358600002146,3.022648900114291,4.2141736000012315,0.7188038999520359,0.14797409027592157,0.1425158478253451,0.5426422999989882,0.5655493999984174,2.9135816999987583,0.7134192999983497,256,1817,0.8591084204733077,3166,4727,0.471656300000177,0.005237100001977524,0.0056203999993158504
2035-10-01_5,0,FULL,True,2017,1544822.9655151367,True,193.89043210002274,193.89043210002274,0.0,190.265625,190.265625,6.186846100001276,6.186846100001276,0.0,5.9097636000515195,14.1165369998198,0.07280677466610352,0.031908980927999854,187.70358600002146,187.70358600002146,3.4538944998639636,4.193098900002951,0.9889163999141601,0.0,0.0,0.5741921000008006,0.7344517999990785,3.6115492999997514,3.5624258999996528,1817,1817,0.0,4727,4727,0.0,0.0,0.0
2035-10-01_5,0,GNN0_128_GUARD,True,2017,1544822.9655151367,True,163.03833640003722,193.89043210002274,0.15912129013189147,162.109375,190.265625,1.3962205999996513,6.186846100001276,0.7743243362721818,0.7136011000475264,8.015894699976343,0.04916570468621705,0.031908980927999854,161.64211580003757,187.70358600002146,2.9546444000370684,4.214629699999932,0.7093813998399128,0.15886621287764147,0.15352653331111676,0.5365794999997888,0.5553889000002528,2.8941510999975435,0.7049968999999692,256,1817,0.8591084204733077,3166,4727,0.47535870000501745,0.0047864999978628475,0.005073600004834589
2035-10-01_5,0,OLDNN128_GUARD,True,2017,1544822.9655151367,True,165.41647429994555,193.89043210002274,0.14685592007649073,163.984375,190.265625,1.4137780999990355,6.186846100001276,0.7714864606057125,0.7340497999648505,8.25211309999213,0.049886887838201534,0.031908980927999854,164.0026961999465,187.70358600002146,3.033190700029081,4.204333000001498,0.5610538000437373,0.14641749320970177,0.1414809181227532,0.5416208000024199,0.5631333000019367,2.9068302999985463,0.7212981000011496,256,1817,0.8591084204733077,3166,4727,0.4746095000009518,0.0,0.0
2035-03-05_0,1,GNN0_128_GUARD,True,2017,2964114.382446289,True,183.37542560004295,187.64892530004727,0.02277390980615035,181.859375,186.671875,23.046777399998973,28.52022809999835,0.19191468878889129,18.99048459997357,30.493783500067366,0.16629154861010026,0.15198716461815603,160.32864820004397,159.12869720004892,2.837046199987526,4.248804000002565,2.5421932999015553,0.022179025220412485,0.022064653821003644,0.5438159999976051,2.4608886999994866,5.999379199998657,3.2770259999997506,6559,9578,0.31520150344539566,11325,14344,2.5987907000017003,0.028456400003051385,0.02435940000214032
2035-03-05_0,1,OLDNN128_GUARD,True,2017,2964114.382446289,True,183.2577309999615,187.64892530004727,0.02340111616980667,181.71875,186.671875,22.907587499998044,28.52022809999835,0.19679508103235088,19.18058609995569,30.505092400111607,0.16646005728466656,0.15198716461815603,160.35014349996345,159.12869720004892,2.865192300054332,4.258190499996999,2.5250358000448614,0.02264925366820625,0.022332117438691235,0.5427439000013692,2.4522166999995534,5.886502499997732,3.177999200001068,6559,9578,0.31520150344539566,11325,14344,2.5996986999998626,0.0,0.0
2035-03-05_0,1,GNN1_128_GUARD,True,2017,2964114.382446289,True,183.17175839995252,187.64892530004727,0.02385927280391209,181.953125,186.671875,23.140673500001867,28.52022809999835,0.18862242549865138,19.229631100144616,30.662802400140208,0.16739918133661458,0.15198716461815603,160.03108489995066,159.12869720004892,2.831930999931501,4.202156399998785,2.409503099926951,0.02327536322642565,0.023387075752218767,0.5430185000004712,2.445416700000351,6.000646600001346,3.2712394000009226,6559,9578,0.31520150344539566,11325,14344,2.609679799999867,0.029928500000096392,0.026088099999469705
2035-03-05_0,1,FULL,True,2017,2964114.382446289,True,187.64892530004727,187.64892530004727,0.0,186.671875,186.671875,28.52022809999835,28.52022809999835,0.0,27.096134500054177,38.192763500228466,0.20353307880212435,0.15198716461815603,159.12869720004892,159.12869720004892,2.787234899937175,4.300210599998536,2.568439699993178,0.0,0.0,0.5398332000004302,2.6512806999999157,5.6733915000004345,2.9359861000011733,9578,9578,0.0,14344,14344,0.0,0.0,0.0
2035-06-25_8,1,OLDNN128_GUARD,False,1901,1156085.3905029297,True,201.03428060000442,155.57823989992903,-0.2921747972551534,197.53125,154.15625,11.510655099998985,11.616615800005093,0.009121477531008781,9.251054100073816,19.259827000030782,0.09580369548192548,0.07466735584280378,189.52362550000544,143.96162409992394,3.0373652001289884,4.223836199998914,1.4179336000597687,-0.2925912756927249,-0.27889652559549893,0.7244957999973849,0.7550494999995863,4.670465000002878,3.336327299999539,2440,4002,0.39030484757621187,5897,7459,1.5774341000033019,0.0,0.0
2035-06-25_8,1,GNN1_128_GUARD,False,1901,1156085.3905029297,True,156.7524478999294,155.57823989992903,-0.007547379381304564,155.640625,154.15625,8.684066100002383,11.616615800005093,0.2524444081211177,7.004530100013653,14.903161400059616,0.0950745050538144,0.07466735584280378,148.068381799927,143.96162409992394,2.4361511999741197,5.481994900001155,1.0804223000232014,-0.008301734322306853,-0.017319391951654106,0.5478589000013017,0.6928307999987737,3.548159299996769,2.459728699999687,2440,4002,0.39030484757621187,5897,7459,1.185264499999903,0.012652800000068964,0.01183130000208621
2035-06-25_8,1,FULL,False,1901,1156085.3905029297,True,155.57823989992903,155.57823989992903,0.0,154.15625,154.15625,11.616615800005093,11.616615800005093,0.0,11.002450900021358,18.731472600058623,0.12039905202750123,0.07466735584280378,143.96162409992394,143.96162409992394,2.299698500024533,4.194809600001463,1.1841213000989228,0.0,0.0,0.5417310999982874,0.5664073000007193,3.216461399999389,2.611936000001151,4002,4002,0.0,7459,7459,0.0,0.0,0.0
2035-06-25_8,1,GNN0_128_GUARD,False,1901,1156085.3905029297,True,152.63729880004394,155.57823989992903,0.01890329329973628,151.9375,154.15625,8.59580840000126,11.616615800005093,0.26004194784530177,6.9444521000441455,14.638577799891209,0.09590432951167369,0.07466735584280378,144.04149040004268,143.96162409992394,2.3415474001521943,4.228149700000358,1.0722004999151977,0.018362870893418592,0.01694783726906901,0.5416259999983595,0.5620452000002842,3.4915025000009337,2.442074099999445,2440,4002,0.39030484757621187,5897,7459,1.1711078000043926,0.012032900001941016,0.011825699999462813
2035-09-03_4,1,GNN1_128_GUARD,True,2017,1289912.7855377197,True,164.69456459995126,167.97513970002183,0.019530122766554525,164.0,166.796875,19.222017099997174,21.84949349999806,0.12025342372358061,16.440781100038294,25.63960790000783,0.15567974548697047,0.1300757572758561,145.4725474999541,146.12564620002377,3.0038199999398785,4.2022187000002305,1.9647286999825155,0.019142007702431574,0.018764726117872055,0.5461663000023691,0.5618682999993325,5.493822000000364,3.6582406999987143,5638,7200,0.2169444444444445,9300,10862,1.9059864000082598,0.019799800000328105,0.01827489999777754
2035-09-03_4,1,FULL,True,2017,1289912.7855377197,True,167.97513970002183,167.97513970002183,0.0,166.796875,166.796875,21.84949349999806,21.84949349999806,0.0,20.86415610034601,29.712263700104813,0.17688488756828194,0.1300757572758561,146.12564620002377,146.12564620002377,2.9959753000948695,4.278924699996423,2.039664800016908,0.0,0.0,0.5475256999998237,0.5709273999964353,5.287630599999829,3.549940599998081,7200,7200,0.0,10862,10862,0.0,0.0,0.0
2035-09-03_4,1,GNN0_128_GUARD,True,2017,1289912.7855377197,True,165.45680190001076,167.97513970002183,0.01499232448628074,164.453125,166.796875,19.463248400006705,21.84949349999806,0.10921283369756685,16.5004117999124,25.759226000176568,0.15568550645469048,0.1300757572758561,145.99355350000405,146.12564620002377,3.0218578999847523,4.337165799999639,1.9732200999824272,0.014578223930513001,0.013268691378592767,0.546328699998412,0.5627721000018937,5.5703372999996645,3.6459714000011445,5638,7200,0.2169444444444445,9300,10862,1.9214824000009685,0.019525500003510388,0.017916900000273017
2035-09-03_4,1,OLDNN128_GUARD,True,2017,1289912.7855377197,True,165.37789150001845,167.97513970002183,0.015462098764386645,164.03125,166.796875,19.39381439999852,21.84949349999806,0.11239066479961013,16.633615399892733,26.018483399671823,0.1573274587290824,0.1300757572758561,145.98407710001993,146.12564620002377,3.020251999987522,4.209785099999863,2.0441256999765756,0.01504915903548365,0.014773729193311103,0.5469137000000046,0.5613942000018142,5.544658599999821,3.694781000001967,5638,7200,0.2169444444444445,9300,10862,1.9087932000002183,0.0,0.0
2035-10-01_5,1,FULL,True,2017,1544822.9655151367,True,179.1258319999688,179.1258319999688,0.0,174.421875,174.421875,5.319395499998791,5.319395499998791,0.0,5.098587799893721,12.784360400066362,0.07137083611742046,0.0296964175440632,173.80643649997,173.80643649997,3.2301272000113386,4.229976800001168,0.8741970999835758,0.0,0.0,0.5570097000017995,0.6826002999987395,3.2770043999989866,2.7147284999991825,1817,1817,0.0,4727,4727,0.0,0.0,0.0
2035-10-01_5,1,GNN0_128_GUARD,True,2017,1544822.9655151367,True,165.61253809999835,179.1258319999688,0.07544022963685548,164.296875,174.421875,1.4153619999997318,5.319395499998791,0.7339242776740227,0.7249901999566646,8.225815799949487,0.04966904012414003,0.0296964175440632,164.19717609999861,173.80643649997,3.055246299980354,4.477091700002347,0.7223895999741217,0.07506294206152231,0.06978006389030822,0.544154700000945,0.5596342000026198,2.9365949999992154,0.7110485000011977,256,1817,0.8591084204733077,3166,4727,0.4751169999981357,0.005856499999936204,0.005821800001285737
2035-10-01_5,1,OLDNN128_GUARD,True,2017,1544822.9655151367,True,163.80674760002148,179.1258319999688,0.08552135796890525,162.953125,174.421875,1.4193545999951311,5.319395499998791,0.733173703666995,0.7379464000441658,8.186639299987291,0.049977424128932635,0.0296964175440632,162.38739300002635,173.80643649997,3.0307562999914808,4.232951300000423,0.6959321000103955,0.08509979804361045,0.08199452553595798,0.5388445999997202,0.5486635999986902,2.951755400001275,0.7215780999977142,256,1817,0.8591084204733077,3166,4727,0.4810537999983353,0.0,0.0
2035-10-01_5,1,GNN1_128_GUARD,True,2017,1544822.9655151367,True,164.5042558000241,179.1258319999688,0.08162740145679959,162.953125,174.421875,1.4005585000013525,5.319395499998791,0.7367072066738277,0.7175703000102658,8.127838900036295,0.04940807677289954,0.0296964175440632,163.10369730002276,173.80643649997,3.0172370999825944,4.475721399998292,0.7124927002005279,0.08134895270247378,0.07680907693273287,0.5408732000032614,0.5562963000011223,2.911227399999916,0.7025248999998439,256,1817,0.8591084204733077,3166,4727,0.47374309999941033,0.005352100000891369,0.005891900000278838
2035-03-05_0,2,OLDNN128_GUARD,True,2017,2964114.382446289,True,182.83741200001532,188.59165850001227,0.030511670270912727,181.203125,186.984375,22.935995099996944,28.759726600008435,0.20249606614861848,19.183898700022837,30.399589799970272,0.16626569730689322,0.1524973417634299,159.90141690001838,159.83193190000384,2.8598351999862643,4.303346100001363,2.434837399952812,0.029809431643586737,0.060670088493161134,0.5438517000002321,2.3804401000015787,5.8728140000021085,3.1909885999994003,6559,9578,0.31520150344539566,11325,14344,2.627638800004206,0.0,0.0
2035-03-05_0,2,GNN1_128_GUARD,True,2017,2964114.382446289,True,183.45229770005972,188.59165850001227,0.02725126254697119,181.9375,186.984375,23.322575100002723,28.759726600008435,0.18905435283255145,19.407025600161433,30.88952540007449,0.16837905977377374,0.1524973417634299,160.129722600057,159.83193190000384,2.8262577000532474,4.701115800002299,2.4024615999042,0.026772339055731176,0.055120226313436604,0.5424200999987079,2.433860700002697,6.049635799998214,3.307064500000706,6559,9578,0.31520150344539566,11325,14344,2.59313779999502,0.028918700001668185,0.025778100000025006
2035-03-05_0,2,FULL,True,2017,2964114.382446289,True,188.59165850001227,188.59165850001227,0.0,186.984375,186.984375,28.759726600008435,28.759726600008435,0.0,27.345192199762096,38.519139200023346,0.20424625090202936,0.1524973417634299,159.83193190000384,159.83193190000384,2.81119910000416,4.659608100002515,2.5530783000867814,0.0,0.0,0.5430938000026799,2.657163700001547,5.7978094999998575,2.938218600000255,9578,9578,0.0,14344,14344,0.0,0.0,0.0
2035-03-05_0,2,GNN0_128_GUARD,True,2017,2964114.382446289,True,182.8240069999556,188.59165850001227,0.030582749767038564,181.234375,186.984375,23.163817000000563,28.759726600008435,0.19457450614312277,19.08975189985358,30.555566999792063,0.16713104313373617,0.1524973417634299,159.66018999995504,159.83193190000384,2.820396199982497,4.245813599998655,2.5292754999609315,0.03008551947595295,0.06128405118853075,0.5436115999982576,2.4222519000031753,6.038854000002175,3.2756144999984826,6559,9578,0.31520150344539566,11325,14344,2.6161320000028354,0.029964100001961924,0.025403500007087132
2035-06-25_8,2,GNN1_128_GUARD,False,1901,1156085.3905029297,True,152.2972604000097,157.24893340002018,0.031489390057826916,150.6875,155.296875,8.613615399997798,12.004198099999485,0.2824497456437205,6.9561637000479095,14.599496799819462,0.09586184781967709,0.07633882049592296,143.6836450000119,145.2447353000207,2.3155956999835325,4.3458093000008375,1.068751600014366,0.03123026720696498,0.029298280675427613,0.5398430999994162,0.5662738999999419,3.5076356999998097,2.4668743000001996,2440,4002,0.39030484757621187,5897,7459,1.1738815999960934,0.013105299993185326,0.011814299996331101
2035-06-25_8,2,FULL,False,1901,1156085.3905029297,True,157.24893340002018,157.24893340002018,0.0,155.296875,155.296875,12.004198099999485,12.004198099999485,0.0,11.23047529998803,19.08008719981808,0.12133683063706957,0.07633882049592296,145.2447353000207,145.2447353000207,2.3481832999750623,4.241176700001233,1.170824300053937,0.0,0.0,0.5470614000005298,0.5708631999987119,3.276577200002066,2.693046600001253,4002,4002,0.0,7459,7459,0.0,0.0,0.0
2035-06-25_8,2,GNN0_128_GUARD,False,1901,1156085.3905029297,True,154.01532339995902,157.24893340002018,0.020563637095300957,153.1875,155.296875,8.722457699997904,12.004198099999485,0.27338272599830904,7.040965399974084,14.776558999947156,0.0959421353261989,0.07633882049592296,145.2928656999611,145.2447353000207,2.3718197999587574,4.22317159999875,1.0845982999780972,0.02011297927212219,0.019482467211971777,0.544882599999255,0.5703788999999233,3.503141199998936,2.5033172000003105,2440,4002,0.39030484757621187,5897,7459,1.1917615000020305,0.012128099995607045,0.012340300003415905
2035-06-25_8,2,OLDNN128_GUARD,False,1901,1156085.3905029297,True,152.79591690007146,157.24893340002018,0.028318262029929597,151.515625,155.296875,8.502653699997609,12.004198099999485,0.29169332018954486,6.848378800037608,14.641393299960328,0.09582319735373426,0.07633882049592296,144.29326320007385,145.2447353000207,2.3275202000440913,4.340273400001024,1.0139259001298342,0.028031080337680203,0.02569970378454578,0.5412576000016998,0.5674686999991536,3.500851699998748,2.485137499999837,2440,4002,0.39030484757621187,5897,7459,1.1809429000059026,0.0,0.0
2035-09-03_4,2,FULL,True,2017,1289912.7855377197,True,168.139235599956,168.139235599956,0.0,167.203125,167.203125,21.905264900000475,21.905264900000475,0.0,20.90805000015098,29.85952130012447,0.17758806380663886,0.13028050723460174,146.23397069995553,146.23397069995553,3.0297613998955057,4.285507500000676,2.009499199990387,0.0,0.0,0.5485788000005414,0.5636142000003019,5.29666410000209,3.5771998000018357,7200,7200,0.0,10862,10862,0.0,0.0,0.0
2035-09-03_4,2,GNN0_128_GUARD,True,2017,1289912.7855377197,True,166.65898800016294,168.139235599956,0.008803701256944851,164.359375,167.203125,19.452707699998427,21.905264900000475,0.11196199686231567,16.526973500036547,25.7773432999129,0.15467118581019884,0.13028050723460174,147.2062803001645,146.23397069995553,3.02018759999919,4.2323080000023765,1.9750073998475273,0.008703803993726056,0.008889261766165335,0.5512447000000975,0.5731918000019505,5.542476599999645,3.6118884999996226,5638,7200,0.2169444444444445,9300,10862,1.901052900004288,0.021559100001468323,0.018574199995782692
2035-09-03_4,2,OLDNN128_GUARD,True,2017,1289912.7855377197,True,166.52304900010495,168.139235599956,0.009612191907999112,164.890625,167.203125,19.314950700001646,21.905264900000475,0.11825075897615711,16.581896400057303,25.99895649967948,0.15612827566989296,0.13028050723460174,147.2080983001033,146.23397069995553,3.0239759999967646,4.209170300000551,2.046388200022193,0.009475851516213551,0.00979487471019902,0.5505268000015349,0.5742797999992035,5.519334299999173,3.60037580000062,5638,7200,0.2169444444444445,9300,10862,1.886124500000733,0.0,0.0
2035-09-03_4,2,GNN1_128_GUARD,True,2017,1289912.7855377197,True,165.81434670013914,168.139235599956,0.013827164680041415,164.21875,167.203125,19.24750440000571,21.905264900000475,0.12132975849083238,16.48624809998364,25.729901399874507,0.1551729504227086,0.13028050723460174,146.56684230013343,146.23397069995553,3.0226922999863746,4.299987099999271,1.9461496000658371,0.013623717148544268,0.013100716815550806,0.5499246999970637,0.5774282999991556,5.5234376000007614,3.626527599997644,5638,7200,0.2169444444444445,9300,10862,1.8921260999959486,0.01947699999436736,0.01824819999819738
2035-10-01_5,2,GNN0_128_GUARD,True,2017,1544822.9655151367,True,162.61717910003426,168.78177489990412,0.03652406074960268,161.078125,167.578125,1.3916754999991099,5.263941299996077,0.7356210070199402,0.7122334000159753,7.982831800010899,0.0490897200664159,0.031187853683360377,161.22550360003515,163.51783359990804,2.957515600053739,4.234804300001997,0.7021800999609695,0.036458025786834436,0.03498114020565524,0.5338952999991307,0.5490501999993285,2.906286100002035,0.6977855000004638,256,1817,0.8591084204733077,3166,4727,0.4699120999976003,0.004791099996509729,0.005097099998238264
2035-10-01_5,2,OLDNN128_GUARD,True,2017,1544822.9655151367,True,164.76751880012307,168.78177489990412,0.02378370592536838,163.65625,167.578125,1.3874052999999549,5.263941299996077,0.7364322242725259,0.7144299000137835,8.110002199919109,0.04922087957006397,0.031187853683360377,163.38011350012312,163.51783359990804,3.02404750000278,4.198319699997228,0.5477882001796388,0.023557208775233263,0.022542978034293393,0.540862300000299,0.5557818000015686,2.913273800000752,0.6967079999994894,256,1817,0.8591084204733077,3166,4727,0.47393150000061723,0.0,0.0
2035-10-01_5,2,GNN1_128_GUARD,True,2017,1544822.9655151367,True,164.44599610002115,168.78177489990412,0.02568866693370364,163.359375,167.578125,1.4163147999970533,5.263941299996077,0.7309402367389415,0.7303920999802358,8.129995800063625,0.04943869715817654,0.031187853683360377,163.0296813000241,163.51783359990804,3.010541000010562,4.22521549999874,0.7131614000645641,0.025506870814245297,0.024238906774858737,0.5404207999999926,0.5599069000018062,2.9654707000008784,0.7273513999971328,256,1817,0.8591084204733077,3166,4727,0.47250350000103936,0.005253999999695225,0.006097400004364317
2035-10-01_5,2,FULL,True,2017,1544822.9655151367,True,168.78177489990412,168.78177489990412,0.0,167.578125,167.578125,5.263941299996077,5.263941299996077,0.0,5.047144899992418,12.335531300148432,0.07308568302154665,0.031187853683360377,163.51783359990804,163.51783359990804,3.0578533999396313,4.205364099998405,0.8581520998595806,0.0,0.0,0.5432595999991463,0.5641128000024764,2.828315800001292,2.6640932999980578,1817,1817,0.0,4727,4727,0.0,0.0,0.0
