week,method,complete,steps,full_complete,full_steps,cost,full_cost,cost_regret_joint_complete,lost_full_complete,earlier_failure,first_physical_difference_vs_full,exact_full_trajectory,n1_calls,expansions,unsafe_expansions,empty_expansions,n1_queries,full_n1_queries,n1_query_reduction,controller_s,full_controller_s,controller_reduction_descriptive,forecast_s,old_unguarded_cost,old_unguarded_complete,cost_gain_vs_unguarded_joint_complete,decision_p95_s,timing_scope
2035-03-05_0,GNN0_128_GUARD,True,2017,True,2017,2964114.382446289,2964114.382446289,0.0,False,False,,True,11,7,7,0,6559,9578,0.31520150344539566,182.9956182999631,237.1917034000171,0.22849064416327347,18.168152000087503,3203408.5017700195,True,0.07469984524031525,0.5298868999998376,Single new instrumented execution versus sealed historical timing; not a controlled speed benchmark.
2035-03-05_0,GNN1_128_GUARD,True,2017,True,2017,2964114.382446289,2964114.382446289,0.0,False,False,,True,11,7,7,0,6559,9578,0.31520150344539566,193.33744280001156,237.1917034000171,0.18488952173022077,20.594667900006243,3203408.5017700195,True,0.07469984524031525,0.54052799999954,Single new instrumented execution versus sealed historical timing; not a controlled speed benchmark.
2035-06-25_8,GNN0_128_GUARD,False,1901,False,1901,1156085.3905029297,1156085.3905029297,,False,False,,True,5,3,2,1,2440,4002,0.39030484757621187,234.9771477999402,167.66885290001574,-0.40143588827473975,10.26269130001674,1156094.7462158203,False,,0.8225771999987046,Single new instrumented execution versus sealed historical timing; not a controlled speed benchmark.
2035-03-05_0,OLDNN128_GUARD,True,2017,True,2017,2964114.382446289,2964114.382446289,0.0,False,False,,True,11,7,7,0,6559,9578,0.31520150344539566,272.0197151000302,237.1917034000171,-0.14683486479827113,27.98146170000109,3203408.5017700195,True,0.07469984524031525,0.8028131999999459,Single new instrumented execution versus sealed historical timing; not a controlled speed benchmark.
2035-06-25_8,GNN1_128_GUARD,False,1901,False,1901,1156085.3905029297,1156085.3905029297,,False,False,,True,5,3,2,1,2440,4002,0.39030484757621187,161.71408759994847,167.66885290001574,0.035515035721143784,6.607871400032309,1156094.7462158203,False,,0.54030210000019,Single new instrumented execution versus sealed historical timing; not a controlled speed benchmark.
2035-06-25_8,OLDNN128_GUARD,False,1901,False,1901,1156085.3905029297,1156085.3905029297,,False,False,,True,5,3,2,1,2440,4002,0.39030484757621187,152.81377190000967,167.66885290001574,0.08859773740364552,6.641225199982728,1156094.7462158203,False,,0.5342710000004445,Single new instrumented execution versus sealed historical timing; not a controlled speed benchmark.
2035-09-03_4,GNN1_128_GUARD,True,2017,True,2017,1289912.7855377197,1289912.7855377197,0.0,False,False,,True,8,6,5,1,5638,7200,0.2169444444444445,183.62251219997052,229.71103099997163,0.20063694198476179,15.864156800013006,1304576.5901489258,True,0.011240278816847415,0.5626673999995546,Single new instrumented execution versus sealed historical timing; not a controlled speed benchmark.
2035-09-03_4,OLDNN128_GUARD,True,2017,True,2017,1289912.7855377197,1289912.7855377197,0.0,False,False,,True,8,6,4,2,5638,7200,0.2169444444444445,195.1849690999552,229.71103099997163,0.15030215026992189,15.979706199817883,1298184.7506408691,True,0.006371947520617427,0.6427896000004694,Single new instrumented execution versus sealed historical timing; not a controlled speed benchmark.
2035-09-03_4,GNN0_128_GUARD,True,2017,True,2017,1289912.7855377197,1289912.7855377197,0.0,False,False,,True,8,6,5,1,5638,7200,0.2169444444444445,234.6313059000022,229.71103099997163,-0.02141941063348929,24.697269500053153,1289912.7855377197,True,0.0,0.7998864000001049,Single new instrumented execution versus sealed historical timing; not a controlled speed benchmark.
2035-10-01_5,OLDNN128_GUARD,True,2017,True,2017,1544822.9655151367,1544822.9655151367,0.0,False,False,,True,2,0,0,0,256,1817,0.8591084204733077,232.15419139996447,168.41310909998174,-0.37848052708380076,1.095041400014452,1544822.9655151367,True,0.0,0.7993892999984382,Single new instrumented execution versus sealed historical timing; not a controlled speed benchmark.
2035-10-01_5,GNN0_128_GUARD,True,2017,True,2017,1544822.9655151367,1544822.9655151367,0.0,False,False,,True,2,0,0,0,256,1817,0.8591084204733077,207.763014199998,168.41310909998174,-0.23365108161892212,1.041202099992006,1544822.9655151367,True,0.0,0.6775557999990269,Single new instrumented execution versus sealed historical timing; not a controlled speed benchmark.
2035-10-01_5,GNN1_128_GUARD,True,2017,True,2017,1544822.9655151367,1544822.9655151367,0.0,False,False,,True,2,0,0,0,256,1817,0.8591084204733077,198.88432309999553,168.41310909998174,-0.18093136670212506,1.0488972999937687,1544822.9655151367,True,0.0,0.6393907000001491,Single new instrumented execution versus sealed historical timing; not a controlled speed benchmark.
