,Assumed Eviction Age (s),Assumed Eviction Age (hrs),Assumed Eviction Age (days),Assumed Eviction Age (Logical),Total IOPS,Write Rate (MB/s),Cache Size (GB),Arrival Rate (MB/IO),Mean Residency,Mean Time In System,Mean Residency (s),Mean Time In System (s),TotalIOPSSaved,IOPSSavedRatio,Episodes admitted,TotalChunkWritten,B written (based on CW),B written,Cutoff score,TotalChunkSaved,TotalChunkQueries,Dead Time Ratio,Service Time Saved,Service Time Saved Ratio,Target,Target Write Rate,Target Cache Size,Policy
0,5892.856,1.6369044444444443,0.06820435185185185,1226.7741728070612,17987,24.046242549728355,366.9223788240655,0.11550703285706343,2026.0885024968413,3252.8626753039025,9732.392524330786,15625.248524330786,10461,0.5815867015066437,497,16621,-2116419584,-2049441792,0.0031614401223776225,240351,257483,0.3771367854292983,301.7551713286709,0.4920835521833767,Cache Size,,366.475,utility_service_time_size_fixed
0,5892.856,1.6369044444444443,0.06820435185185185,1226.7741728070612,17987,295.8276656233623,2084.8386980753935,1.421019347306388,275.58033832325077,1502.354511130312,1323.760547105684,7216.616547105684,13866,0.7708900872852615,4121,204479,1031667712,1277820928,-0.006924825174825174,291297,497654,0.8165677033738761,385.4458881118949,0.6285611642094705,Max Write Rate,295.8276656233623,,utility_service_time_size_fixed
0,5892.856,1.6369044444444443,0.06820435185185185,1226.7741728070612,17987,154.76341679289098,1273.0197270420574,0.743411908600656,526.7250453381196,1753.4992181451807,2530.1436177684946,8422.999617768493,13833,0.7690554289208873,2030,106974,1136394240,1279393792,1.948051948051941e-05,292073,400138,0.6996148958108578,385.7447097902164,0.6290484640038382,Max Write Rate (No waste),154.76341679289098,,utility_service_time_size_fixed
0,5892.856,1.6369044444444443,0.06820435185185185,1226.7741728070612,17987,295.8276656233623,2084.8386980753935,1.421019347306388,275.58033832325077,1502.354511130312,1323.760547105684,7216.616547105684,13866,0.7708900872852615,4121,204479,1031667712,1277820928,-0.006924825174825174,291297,497654,0.8165677033738761,385.4458881118949,0.6285611642094705,Max Write Rate (Not empty),295.8276656233623,,utility_service_time_size_fixed
0,5892.856,1.6369044444444443,0.06820435185185185,1226.7741728070612,17987,34.05333356209049,456.0930146024285,0.1635764718963696,1628.3995666581698,2855.173739465231,7822.0787244175035,13714.934724417504,11038,0.6136654250291877,638,23538,-1209794560,-1129054208,0.0021268028846153845,254385,278539,0.42966708324966374,320.65815384615274,0.5229093595526602,Write Rate,34.0,,utility_service_time_size_fixed
1,5892.856,1.6369044444444443,0.06820435185185185,1226.7741728070612,17987,50.04992244797861,588.294946064157,0.24041668983154502,1278.9338343691286,2505.7080071761898,6143.406901223073,12036.262901223072,11725,0.6518596764329794,833,34595,239468544,320208896,0.0015467657342657342,270338,305549,0.48959183164744546,342.503583916085,0.558533527252763,Write Rate,50.0,,utility_service_time_size_fixed
2,5892.856,1.6369044444444443,0.06820435185185185,1226.7741728070612,17987,100.00291340863204,955.5961935707805,0.48036776560849503,810.2703007681959,2037.0444735752571,3892.1639445490814,9785.019944549082,12992,0.7222994384833491,1421,69123,470155264,582877184,0.0005390625,291689,361672,0.6022323953752102,375.73754545454705,0.6127294032503926,Write Rate,100.0,,utility_service_time_size_fixed
3,5892.856,1.6369044444444443,0.06820435185185185,1226.7741728070612,17987,75.04233205309005,787.481682622442,0.3604686718185356,1010.2614035087719,2237.035576315833,4852.828748108464,10745.684748108464,12288,0.6831600600433646,1140,51870,-1791229952,-1700790272,0.0010538133741258742,285849,338409,0.548392786326372,362.53665034965286,0.5912022051360606,Write Rate,75.0,,utility_service_time_size_fixed
4,5892.856,1.6369044444444443,0.06820435185185185,1226.7741728070612,17987,20.037329842592968,332.23562322529295,0.09625006949463502,2307.8651263537904,3534.639299160852,11085.917162655816,16978.773162655816,10054,0.5589592483460277,425,13850,1815347200,1879965696,0.0041463455898939775,234716,249059,0.34707195529068724,292.1489720279719,0.47641836025292683,Write Rate,20.0,,utility_service_time_size_fixed
5,5892.856,1.6369044444444443,0.06820435185185185,1226.7741728070612,17987,10.062067079800295,213.49134892149425,0.04833351865236004,3296.2803738317757,4523.054546638837,15833.807076464904,21726.663076464898,7863,0.4371490520931784,255,6955,911605760,947388416,0.00860704208072629,187625,194853,0.2712269242294898,254.43236713286703,0.4149124684686732,Write Rate,10.0,,utility_service_time_size_fixed
6,5892.856,1.6369044444444443,0.06820435185185185,1226.7741728070612,17987,60.05556672172395,665.9629454022045,0.28847917940734974,1137.1609212016092,2363.9350940086706,5462.3953666510215,11355.251366651022,12110,0.6732640240173459,970,41511,1145962496,1235222528,0.0011041258741258742,275611,317803,0.5189542538271408,351.54034965035044,0.5732701223645759,Write Rate,60.0,,utility_service_time_size_fixed
7,5892.856,1.6369044444444443,0.06820435185185185,1226.7741728070612,17987,90.07249954295997,897.5155574652957,0.432666648134764,897.3921682005814,2124.1663410076426,4310.657120074126,10203.513120074127,12669,0.7043420247956858,1312,62259,-429522944,-320208896,0.0005847457627118645,291658,354751,0.577532064755868,371.9959475524509,0.6066278382684293,Write Rate,90.0,,utility_service_time_size_fixed
8,5892.856,1.6369044444444443,0.06820435185185185,1226.7741728070612,17987,30.00101869645129,422.6700418448645,0.14411102462889866,1776.5638713410813,3003.338044148142,8533.791549149299,14426.647549149297,10788,0.5997664980263524,572,20737,-1576927232,-1502085120,0.0025950226244343894,250305,271613,0.40847022705198655,314.21672027971897,0.512405070606866,Write Rate,30.0,,utility_service_time_size_fixed
