index,group,a,b,c,d,U,degree_a,degree_b,degree_c,degree_d,delta_c_mean,delta_c_se,delta_c_ci_low,delta_c_ci_high,delta_c_bonf_low,delta_c_bonf_high,delta_d_mean,delta_d_se,delta_d_ci_low,delta_d_ci_high,delta_d_bonf_low,delta_d_bonf_high,reversal,m,m_over_n,delta_c_mean_dev,delta_d_mean_dev,sign_agrees_dev_confirm_c,sign_agrees_dev_confirm_d,dev_worlds_with_X_c_eq_X_d,dev_n_worlds,dev_max_abs_X_c_minus_X_d,confirm_worlds_with_X_c_eq_X_d,confirm_n_worlds,confirm_max_abs_X_c_minus_X_d
0,uniform_U,294,1028,5228,3331,"[43, 985, 1497, 2101, 3260, 3700, 4507, 4884]",6,1,3,1,2.879395,0.204917,2.477527,3.281262,2.217159,3.541630,2.679199,0.199651,2.287658,3.070740,2.033981,3.324417,both_significant_same_side,2.679199,0.000511,2.742188,2.328125,True,True,230,256,45,1844,2048,45
1,uniform_U,3029,3187,1213,3804,"[334, 1109, 1536, 3541, 3761, 3787, 4721, 4886]",3,3,1,5,0.502441,0.148644,0.210932,0.793951,0.022065,0.982817,0.449219,0.147383,0.160183,0.738254,-0.027081,0.925519,not_significant,0.449219,0.000086,0.644531,0.496094,True,True,248,256,26,2013,2048,27
2,uniform_U,939,2822,3884,1396,"[1730, 1949, 1979, 4065, 4194, 4282, 4887, 5111]",2,2,2,21,0.068359,0.130430,-0.187430,0.324148,-0.353154,0.489873,0.067383,0.130430,-0.188407,0.323172,-0.354131,0.488897,not_significant,0.067383,0.000013,0.808594,0.808594,True,True,256,256,0,2047,2048,2
3,uniform_U,538,3619,5066,589,"[671, 1238, 1696, 2250, 2503, 3667, 4040, 4797]",11,4,7,18,4.729980,0.236677,4.265827,5.194134,3.965105,5.494855,4.727051,0.237051,4.262164,5.191937,3.960967,5.493134,both_significant_same_side,4.727051,0.000902,4.753906,4.738281,True,True,254,256,3,2045,2048,4
4,uniform_U,3399,2564,659,1325,"[339, 354, 394, 411, 735, 1947, 4153, 4764]",3,45,9,5,-12.045410,0.591510,-13.205435,-10.885386,-13.957008,-10.133813,-12.046387,0.591473,-13.206339,-10.886435,-13.957864,-10.134909,both_significant_same_side,12.045410,0.002298,-10.187500,-10.187500,True,True,256,256,0,2036,2048,13
5,uniform_U,896,3110,1374,3522,"[5, 180, 583, 1024, 2567, 3554, 4286, 5197]",33,2,3,42,7.879395,0.242164,7.404482,8.354307,7.096789,8.662000,7.878418,0.242080,7.403670,8.353166,7.096084,8.660752,both_significant_same_side,7.878418,0.001503,6.875000,6.867188,True,True,255,256,2,2046,2048,1
6,uniform_U,310,761,3805,342,"[74, 938, 1612, 1622, 2141, 2782, 4402, 4489]",5,15,2,2,-3.950195,0.270323,-4.480332,-3.420059,-4.823804,-3.076586,-3.947266,0.270305,-4.477367,-3.417164,-4.820817,-3.073715,both_significant_same_side,3.947266,0.000753,-6.132812,-6.132812,True,True,256,256,0,2046,2048,4
7,uniform_U,2896,5045,1339,4660,"[1351, 2597, 2796, 3095, 3145, 3399, 4522, 4743]",4,2,3,6,1.767578,0.160271,1.453267,2.081889,1.249627,2.285529,1.703613,0.154556,1.400509,2.006717,1.204130,2.203096,both_significant_same_side,1.703613,0.000325,1.402344,1.402344,True,True,256,256,0,2034,2048,36
8,uniform_U,2675,81,1889,255,"[285, 411, 907, 1928, 2085, 2428, 3541, 4469]",16,6,2,11,6.911621,0.335925,6.252831,7.570411,5.826005,7.997237,6.847656,0.328098,6.204215,7.491098,5.787333,7.907980,both_significant_same_side,6.847656,0.001307,5.667969,5.660156,True,True,254,256,3,2016,2048,57
9,uniform_U,3092,659,4542,23,"[529, 837, 1201, 2148, 2374, 3512, 3942, 5207]",1,9,2,5,-5.990723,0.188066,-6.359543,-5.621902,-6.598499,-5.382946,-6.010742,0.189120,-6.381630,-5.639855,-6.621926,-5.399559,both_significant_same_side,5.990723,0.001143,-5.828125,-5.832031,True,True,255,256,1,2036,2048,26
10,uniform_U,1638,929,1921,3825,"[427, 467, 1259, 1330, 2595, 2697, 2941, 4682]",6,4,24,3,1.488281,0.259623,0.979128,1.997434,0.649251,2.327312,1.482910,0.259683,0.973640,1.992180,0.643687,2.322133,both_significant_same_side,1.482910,0.000283,2.578125,2.589844,True,True,255,256,3,2035,2048,6
11,uniform_U,1662,3016,2853,2999,"[89, 232, 1312, 3170, 3299, 4789, 5035, 5231]",3,14,1,1,-6.030762,0.357716,-6.732286,-5.329237,-7.186800,-4.874724,-6.034668,0.357907,-6.736569,-5.332767,-7.191326,-4.878010,both_significant_same_side,6.030762,0.001151,-4.968750,-4.968750,True,True,256,256,0,2042,2048,3
12,uniform_U,1648,752,3012,4842,"[321, 545, 963, 985, 2375, 3044, 3574, 4228]",4,23,5,7,-1.294434,0.164471,-1.616981,-0.971886,-1.825958,-0.762909,-1.316895,0.162871,-1.636304,-0.997485,-1.843247,-0.790542,both_significant_same_side,1.294434,0.000247,-1.906250,-1.906250,True,True,256,256,0,2043,2048,30
13,uniform_U,586,3096,2813,4804,"[193, 1087, 1096, 1913, 3401, 3663, 3915, 4772]",3,41,2,1,-5.130371,0.307034,-5.732502,-4.528240,-6.122618,-4.138124,-5.130371,0.307070,-5.732573,-4.528169,-6.122736,-4.138006,both_significant_same_side,5.130371,0.000979,-5.335938,-5.335938,True,True,256,256,0,2046,2048,1
14,uniform_U,1751,4495,2385,4008,"[261, 400, 2152, 3211, 3735, 4132, 5026, 5060]",1,2,3,10,-0.521484,0.148892,-0.813479,-0.229489,-1.002661,-0.040308,-0.531250,0.149776,-0.824979,-0.237521,-1.015284,-0.047216,both_significant_same_side,0.521484,0.000100,0.394531,0.406250,False,False,253,256,3,2044,2048,16
15,uniform_U,4373,4032,4801,1617,"[480, 653, 977, 1576, 2430, 3264, 3306, 3830]",3,1,1,2,1.499023,0.183809,1.138552,1.859495,0.905005,2.093042,1.500000,0.183816,1.139513,1.860487,0.905956,2.094044,both_significant_same_side,1.499023,0.000286,1.339844,1.343750,True,True,255,256,1,2046,2048,1
16,uniform_U,168,1395,4113,1839,"[1331, 1758, 2031, 2678, 2721, 3378, 4134, 4802]",2,3,4,4,-0.786621,0.203996,-1.186682,-0.386560,-1.445879,-0.127363,-0.788086,0.203911,-1.187980,-0.388192,-1.447069,-0.129103,both_significant_same_side,0.786621,0.000150,-0.152344,-0.160156,True,True,254,256,1,2047,2048,3
17,uniform_U,1514,2530,2936,24,"[1889, 3341, 3710, 3838, 4426, 4492, 4761, 4764]",3,2,1,2,0.575195,0.217353,0.148939,1.001452,-0.127230,1.277621,0.557129,0.217858,0.129882,0.984375,-0.146928,1.261186,not_significant,0.557129,0.000106,-0.035156,-0.117188,False,False,253,256,15,2025,2048,4
18,uniform_U,77,1003,2858,254,"[358, 1545, 1563, 2010, 2066, 3840, 3979, 4508]",2,6,25,34,-2.872070,0.175792,-3.216820,-2.527321,-3.440181,-2.303959,-2.932617,0.182119,-3.289776,-2.575458,-3.521177,-2.344057,both_significant_same_side,2.872070,0.000548,-3.140625,-3.140625,True,True,256,256,0,2035,2048,77
19,uniform_U,4864,4809,2815,3405,"[71, 427, 701, 1338, 1368, 3100, 3281, 4688]",6,15,1,4,-2.381836,0.271609,-2.914495,-1.849177,-3.259602,-1.504070,-2.382324,0.271415,-2.914603,-1.850045,-3.259463,-1.505185,both_significant_same_side,2.381836,0.000454,-2.269531,-2.269531,True,True,256,256,0,2044,2048,2
20,degree_U,3232,1393,4985,3134,"[1352, 1974, 2464, 3493, 4232, 4281, 4323, 4552]",6,3,6,1,2.895508,0.174910,2.552488,3.238528,2.330247,3.460768,2.888184,0.174549,2.545871,3.230496,2.324089,3.452279,both_significant_same_side,2.888184,0.000551,2.972656,2.972656,True,True,256,256,0,2047,2048,15
21,degree_U,2622,1040,3657,2243,"[1352, 1974, 2464, 3493, 4232, 4281, 4323, 4552]",2,3,5,19,-0.203613,0.168160,-0.533396,0.126170,-0.747061,0.339834,-0.348633,0.161787,-0.665918,-0.031348,-0.871485,0.174220,not_significant,0.203613,0.000039,-0.468750,-0.613281,True,True,247,256,27,1987,2048,41
22,degree_U,1497,2810,2318,1405,"[1352, 1974, 2464, 3493, 4232, 4281, 4323, 4552]",20,15,8,3,-4.408203,0.304696,-5.005749,-3.810657,-5.392895,-3.423511,-4.433594,0.305498,-5.032713,-3.834475,-5.420878,-3.446309,both_significant_same_side,4.408203,0.000841,-3.292969,-3.328125,True,True,254,256,8,2030,2048,40
23,degree_U,5107,4063,2130,1189,"[1352, 1974, 2464, 3493, 4232, 4281, 4323, 4552]",1,2,2,17,-0.497559,0.090054,-0.674165,-0.320952,-0.788588,-0.206529,-0.494141,0.090827,-0.672263,-0.316018,-0.787667,-0.200614,both_significant_same_side,0.494141,0.000094,-1.000000,-1.003906,True,True,255,256,1,2030,2048,6
24,degree_U,316,4688,3159,800,"[1352, 1974, 2464, 3493, 4232, 4281, 4323, 4552]",56,4,1,3,1.465332,0.202341,1.068516,1.862149,0.811421,2.119243,1.464844,0.202161,1.068381,1.861306,0.811516,2.118172,both_significant_same_side,1.464844,0.000279,1.117188,1.117188,True,True,256,256,0,2046,2048,2
25,degree_U,2897,3911,3950,2778,"[1352, 1974, 2464, 3493, 4232, 4281, 4323, 4552]",1,3,4,3,-0.736816,0.138547,-1.008524,-0.465109,-1.184561,-0.289072,-0.810059,0.141745,-1.088038,-0.532079,-1.268139,-0.351979,both_significant_same_side,0.736816,0.000141,-0.152344,-0.175781,True,True,251,256,2,2003,2048,35
26,degree_U,684,3486,3780,4475,"[1352, 1974, 2464, 3493, 4232, 4281, 4323, 4552]",3,2,5,6,0.351562,0.174675,0.009004,0.694121,-0.212938,0.916063,0.348145,0.172825,0.009213,0.687076,-0.210379,0.906668,not_significant,0.348145,0.000066,0.984375,0.976562,True,True,254,256,1,2034,2048,29
27,degree_U,4298,271,1171,2402,"[1352, 1974, 2464, 3493, 4232, 4281, 4323, 4552]",2,2,2,1,-0.529785,0.119880,-0.764885,-0.294685,-0.917205,-0.142365,-0.562988,0.122125,-0.802491,-0.323485,-0.957664,-0.168313,both_significant_same_side,0.529785,0.000101,-0.332031,-0.355469,True,True,255,256,6,2033,2048,44
28,degree_U,1825,3129,825,1406,"[1352, 1974, 2464, 3493, 4232, 4281, 4323, 4552]",1,1,4,3,-0.120117,0.103914,-0.323905,0.083671,-0.455938,0.215704,-0.120117,0.103914,-0.323905,0.083671,-0.455938,0.215704,identical_by_construction,0.120117,0.000023,-0.167969,-0.167969,True,True,256,256,0,2048,2048,0
29,degree_U,4534,519,1538,1664,"[1352, 1974, 2464, 3493, 4232, 4281, 4323, 4552]",2,42,2,2,-6.356445,0.310396,-6.965170,-5.747720,-7.359559,-5.353331,-6.347168,0.309336,-6.953814,-5.740522,-7.346857,-5.347479,both_significant_same_side,6.347168,0.001211,-6.515625,-6.515625,True,True,256,256,0,2038,2048,21
30,degree_U,2708,4685,1987,1328,"[1352, 1974, 2464, 3493, 4232, 4281, 4323, 4552]",17,3,1,7,4.030762,0.294691,3.452836,4.608687,3.078402,4.983121,4.031250,0.294746,3.453216,4.609284,3.078711,4.983789,both_significant_same_side,4.030762,0.000769,4.054688,4.054688,True,True,256,256,0,2043,2048,1
31,degree_U,1495,4285,899,4528,"[1352, 1974, 2464, 3493, 4232, 4281, 4323, 4552]",8,2,6,2,2.907227,0.204327,2.506516,3.307937,2.246899,3.567554,2.910645,0.204492,2.509611,3.311678,2.249785,3.571505,both_significant_same_side,2.907227,0.000555,3.125000,3.125000,True,True,256,256,0,2043,2048,4
32,degree_U,1569,79,4969,4017,"[1352, 1974, 2464, 3493, 4232, 4281, 4323, 4552]",17,2,4,5,4.654297,0.278593,4.107942,5.200652,3.753962,5.554631,4.681152,0.277541,4.136861,5.225444,3.784217,5.578087,both_significant_same_side,4.654297,0.000888,4.121094,4.144531,True,True,254,256,5,2040,2048,33
33,degree_U,1404,204,2136,3787,"[1352, 1974, 2464, 3493, 4232, 4281, 4323, 4552]",10,7,2,8,1.893555,0.149638,1.600096,2.187013,1.409967,2.377143,1.891602,0.149610,1.598198,2.185005,1.408103,2.375100,both_significant_same_side,1.891602,0.000361,2.050781,2.050781,True,True,256,256,0,2045,2048,2
34,degree_U,4328,2343,1773,4560,"[1352, 1974, 2464, 3493, 4232, 4281, 4323, 4552]",7,2,2,2,4.308594,0.165997,3.983054,4.634133,3.772139,4.845049,4.308105,0.165924,3.982707,4.633504,3.771884,4.844327,both_significant_same_side,4.308105,0.000822,3.812500,3.812500,True,True,256,256,0,2045,2048,1
35,degree_U,4858,887,2046,888,"[1352, 1974, 2464, 3493, 4232, 4281, 4323, 4552]",2,3,13,4,-0.465332,0.136350,-0.732731,-0.197933,-0.905977,-0.024687,-0.478027,0.136006,-0.744752,-0.211302,-0.917562,-0.038493,both_significant_same_side,0.465332,0.000089,-0.113281,-0.113281,True,True,256,256,0,2042,2048,23
36,degree_U,3279,3987,3843,3884,"[1352, 1974, 2464, 3493, 4232, 4281, 4323, 4552]",6,2,4,2,2.042480,0.203572,1.643251,2.441710,1.384593,2.700368,2.043945,0.203893,1.644086,2.443805,1.385019,2.702871,both_significant_same_side,2.042480,0.000390,1.839844,1.839844,True,True,256,256,0,2047,2048,3
37,degree_U,991,4088,4269,318,"[1352, 1974, 2464, 3493, 4232, 4281, 4323, 4552]",6,2,3,6,3.066895,0.152483,2.767857,3.365932,2.574113,3.559676,2.999023,0.149316,2.706195,3.291851,2.516474,3.481573,both_significant_same_side,2.999023,0.000572,3.085938,3.070312,True,True,253,256,2,2021,2048,22
38,degree_U,2004,457,4737,3322,"[1352, 1974, 2464, 3493, 4232, 4281, 4323, 4552]",3,14,14,3,-6.274902,0.206281,-6.679445,-5.870360,-6.941545,-5.608259,-6.313965,0.207888,-6.721660,-5.906270,-6.985802,-5.642127,both_significant_same_side,6.274902,0.001197,-6.171875,-6.175781,True,True,255,256,1,2041,2048,51
39,degree_U,101,1880,622,1806,"[1352, 1974, 2464, 3493, 4232, 4281, 4323, 4552]",3,13,6,4,-7.634277,0.236471,-8.098026,-7.170528,-8.398487,-6.870068,-7.657227,0.236535,-8.121101,-7.193353,-8.421642,-6.892811,both_significant_same_side,7.634277,0.001457,-7.914062,-7.914062,True,True,256,256,0,2037,2048,28
