arm,seed,par10,test_timeouts,inherited,acquisition_s,executions,cache_hits,labels,informative_labels,full_rows,wall_s,fit_s,selection_s
COARSE-PC-100,42,718.4823773627909,15,,86460.0,2623,0,9975,9975,238,215.1414779000006,131.4996972000008,6.17883590000929
COARSE-PC-100,7,765.5774661224807,16,,86460.0,2839,0,10938,10938,258,241.54410199999984,145.4219146999967,6.681430700002238
COARSE-PC-100,99,765.4855405441859,16,,86460.0,2727,0,10550,10550,247,243.95102600000246,147.11636749998434,6.7997586999990745
RANDOM-ROW,42,770.8913608278295,16,True,,,,,,,,,
RANDOM-ROW,7,682.9958040534109,14,True,,,,,,,,,
RANDOM-ROW,99,682.375679403876,14,True,,,,,,,,,
FIXED-100,7,685.8157463263566,14,True,,,,,,,,,
FIXED-100,42,678.4116130860465,14,True,,,,,,,,,
FIXED-100,99,719.8261609705428,15,True,,,,,,,,,
