arm,seed,par10,inherited,acquisition_s,wall_s,fit_s,labels,informative_labels,executions,full_rows,batch_count,cheap_overlap_mean
LEX-PC-U-PD,42,587.0216454906978,,86460.0,947.980863499999,672.7999282999954,29068,29068,6601,430,44,0.997871827818824
LEX-PC-U-PD,7,1005.611357948062,,86460.0,1014.3130421000005,742.1075054999947,29173,29173,6491,463,45,0.9976442873969376
LEX-PC-U-PD,99,919.0205972658914,,86460.0,858.5890774,606.7932299000022,27812,27812,6217,434,45,0.9980761680408322
RANDOM-ROW,42,770.8913608278295,,86460.0,239.63074860000052,151.03612540000177,9317,9317,2369,215,18,
RANDOM-ROW,7,682.9958040534109,,86460.0,214.8208897000004,134.50105749999784,9301,9301,2357,214,18,
RANDOM-ROW,99,682.375679403876,,86460.0,173.19368479999866,106.91883869999947,7772,7772,2100,190,16,
FIXED-100,7,685.8157463263566,True,,,,,,,,,
FIXED-100,42,678.4116130860465,True,,,,,,,,,
FIXED-100,99,719.8261609705428,True,,,,,,,,,
RANDOM-100,7,863.2688377682169,True,,,,,,,,,
RANDOM-100,42,823.5786918131784,True,,,,,,,,,
RANDOM-100,99,809.5776141767443,True,,,,,,,,,
CHEAP-100,7,1005.611357948062,True,,,,,,,,,
CHEAP-100,42,587.0216454906978,True,,,,,,,,,
CHEAP-100,99,972.1775335906976,True,,,,,,,,,
