instance,cell,breadth,duration,disruption,J_A,J_AB,J_RECOVERY,J_END,J_r,D,g_RECOVERY,g_AB
large_rho0.75_s2,single/1p,single,1p,D1_m0_1p,2498.3236,2331.6335,2493.4212,2483.6974,3163.0506,-0.0031,0.0015,0.0527
large_rho0.75_s3,single/1p,single,1p,D1_m0_1p,2759.2502,2590.9572,2679.4119,2717.8856,4378.5516,0.0088,0.0182,0.0384
large_rho0.75_s4,single/1p,single,1p,D1_m0_1p,2114.7335,2108.7220,2120.7939,2104.9902,2264.5521,-0.0070,-0.0027,0.0027
large_rho0.75_s5,single/1p,single,1p,D1_m0_1p,2001.1284,1937.6469,1996.3117,1981.6433,3023.2580,-0.0049,0.0016,0.0210
large_rho1.10_s2,single/1p,single,1p,D1_m0_1p,7052.2286,7055.8125,7041.4533,7048.2811,8380.7836,0.0008,0.0013,-0.0004
large_rho1.10_s3,single/1p,single,1p,D1_m0_1p,6044.5095,5562.3864,5708.2028,6044.9060,7198.6485,0.0468,0.0467,0.0670
large_rho1.10_s4,single/1p,single,1p,D1_m0_1p,5505.5335,5531.1289,5544.0625,5527.5208,6606.1105,-0.0025,-0.0058,-0.0039
large_rho1.10_s5,single/1p,single,1p,D1_m0_1p,5966.5454,5583.5882,5589.1594,5963.3352,7073.9658,0.0529,0.0533,0.0541
large_rho0.75_s2,single/2p,single,2p,D1_m0_2p,2703.2776,2565.1409,2677.7480,2673.6837,3455.7358,-0.0012,0.0074,0.0400
large_rho0.75_s3,single/2p,single,2p,D1_m0_2p,3149.4266,2923.2965,3157.9442,3163.2646,4750.8746,0.0011,-0.0018,0.0476
large_rho0.75_s4,single/2p,single,2p,D1_m0_2p,2335.9186,2318.1698,2338.8353,2332.5321,2476.3844,-0.0025,-0.0012,0.0072
large_rho0.75_s5,single/2p,single,2p,D1_m0_2p,2204.9613,2158.0126,2170.6171,2196.7544,3205.0549,0.0082,0.0107,0.0146
large_rho1.10_s2,single/2p,single,2p,D1_m0_2p,7265.1631,7323.3956,7318.3845,7290.2995,8667.2895,-0.0032,-0.0061,-0.0067
large_rho1.10_s3,single/2p,single,2p,D1_m0_2p,6552.7293,6343.2792,6526.9170,6538.3834,7766.4769,0.0015,0.0033,0.0270
large_rho1.10_s4,single/2p,single,2p,D1_m0_2p,6119.2545,6091.6345,6087.1709,6101.1727,7133.9263,0.0020,0.0045,0.0039
large_rho1.10_s5,single/2p,single,2p,D1_m0_2p,6687.7266,6646.1847,6675.0504,6661.9892,7523.7368,-0.0017,0.0017,0.0055
large_rho0.75_s2,all/1p,all,1p,D2_all_1p,4107.4301,3918.9092,4026.5880,4131.5456,4941.8500,0.0212,0.0164,0.0381
large_rho0.75_s3,all/1p,all,1p,D2_all_1p,3784.1985,3565.4909,3766.9684,3808.1131,5916.9149,0.0070,0.0029,0.0370
large_rho0.75_s4,all/1p,all,1p,D2_all_1p,3458.4626,3459.8559,3457.8741,3451.0067,3747.1327,-0.0018,0.0002,-0.0004
large_rho0.75_s5,all/1p,all,1p,D2_all_1p,3280.2934,3217.4193,3311.2740,3286.4654,4543.3314,-0.0055,-0.0068,0.0138
large_rho1.10_s2,all/1p,all,1p,D2_all_1p,8303.3631,8031.0080,8025.3938,8363.6611,10236.1903,0.0330,0.0272,0.0266
large_rho1.10_s3,all/1p,all,1p,D2_all_1p,7463.9322,7135.2239,7095.2158,7451.8222,9160.8756,0.0389,0.0402,0.0359
large_rho1.10_s4,all/1p,all,1p,D2_all_1p,6771.5709,6728.9803,6724.7188,6728.8240,9310.9275,0.0004,0.0050,0.0046
large_rho1.10_s5,all/1p,all,1p,D2_all_1p,7852.9756,6625.4523,6627.7982,7807.5253,9800.9408,0.1204,0.1250,0.1252
large_rho0.75_s2,all/2p,all,2p,D2_all_2p,4864.4288,4810.2255,4854.5157,4853.1460,5879.6496,-0.0002,0.0017,0.0092
large_rho0.75_s3,all/2p,all,2p,D2_all_2p,5054.3881,4797.6945,4912.9369,5062.9392,6892.5255,0.0218,0.0205,0.0372
large_rho0.75_s4,all/2p,all,2p,D2_all_2p,4470.6454,4428.7839,4423.8806,4465.9398,4786.7705,0.0088,0.0098,0.0087
large_rho0.75_s5,all/2p,all,2p,D2_all_2p,4226.9652,4176.1212,4176.7768,4229.7611,5376.2714,0.0099,0.0093,0.0095
large_rho1.10_s2,all/2p,all,2p,D2_all_2p,9612.1430,9620.7205,9618.2318,9597.0580,11167.9996,-0.0019,-0.0005,-0.0008
large_rho1.10_s3,all/2p,all,2p,D2_all_2p,9174.5640,9210.6298,9152.7759,9200.2950,10954.6401,0.0043,0.0020,-0.0033
large_rho1.10_s4,all/2p,all,2p,D2_all_2p,8850.8455,8878.9601,8863.9393,8851.2226,10362.3925,-0.0012,-0.0013,-0.0027
large_rho1.10_s5,all/2p,all,2p,D2_all_2p,10203.6208,10093.1826,10112.2129,10178.0265,11216.3790,0.0059,0.0081,0.0098
