state,scale,rho,inst_seed,disruption,method,seed,repair_cost,lp_objective,mip_status,mip_objective,mip_dual_bound,n_rel_Y,n_rel_Z,rel_size,final_cost,final_source,strictly_below_lp,total_s,overrun_s
large_rho0.75_s2|D1_m0_2p,large,0.75,2,D1_m0_2p,A,1,3455.735847193032,3397.5696329694347,Time limit reached,2696.3986427944383,2613.772508078804,864,0,864,2696.398642794439,solver,True,20.021594200001346,0.021594200001345598
large_rho1.10_s2|D1_m0_2p,large,1.1,2,D1_m0_2p,A,0,8667.28954278623,8385.999675164838,Time limit reached,7265.163088322639,7086.60390568007,864,0,864,7265.163088322639,solver,True,20.021931100000074,0.021931100000074366
large_rho1.10_s3|D1_m0_2p,large,1.1,3,D1_m0_2p,A,1,7766.476906514546,7514.361112882861,Time limit reached,6526.801985942589,6362.883822532429,864,0,864,6526.80198594259,solver,True,20.025531999999657,0.025531999999657273
large_rho0.75_s5|D2_all_1p,large,0.75,5,D2_all_1p,END,1,4543.3314226602215,4273.2167481382285,Time limit reached,3280.823049551088,3201.3917308664104,864,72,936,3280.8230495510907,solver,True,20.02269190000152,0.02269190000151866
large_rho1.10_s3|D1_m0_2p,large,1.1,3,D1_m0_2p,AB,1,7766.476906514546,7514.361112882861,Time limit reached,6413.9743106778305,6189.232687302925,864,432,1296,6413.9743106778305,solver,True,20.0209593999989,0.020959399998901063
large_rho0.75_s2|D2_all_1p,large,0.75,2,D2_all_1p,A,0,4941.850029997092,4675.768906539011,Time limit reached,4107.4300565715,4033.5648689724353,864,0,864,4107.4300565714975,solver,True,20.024884000000384,0.02488400000038382
large_rho0.75_s2|D2_all_1p,large,0.75,2,D2_all_1p,END,0,4941.850029997092,4675.768906539011,Time limit reached,4131.545630928344,4025.9329198769897,864,72,936,4131.545630928344,solver,True,20.02214880000065,0.022148800000650226
large_rho0.75_s2|D2_all_1p,large,0.75,2,D2_all_1p,AB,1,4941.850029997092,4675.768906539011,Time limit reached,3929.760326664989,3860.603043791018,864,432,1296,3929.7603266649903,solver,True,20.023692400000073,0.023692400000072666
large_rho1.10_s2|D2_all_1p,large,1.1,2,D2_all_1p,AB,0,10236.190291203357,9436.383329953966,Time limit reached,8031.007958095258,7886.03077075984,864,432,1296,8031.007958095257,solver,True,20.022078499998315,0.022078499998315237
large_rho1.10_s5|D1_m0_2p,large,1.1,5,D1_m0_2p,RECOVERY,0,7523.736788628925,7515.499087356466,Time limit reached,6675.050351184408,6529.244731684612,864,24,888,6675.050351184402,solver,True,20.04997810000168,0.049978100001681014
large_rho1.10_s4|D1_m0_2p,large,1.1,4,D1_m0_2p,RECOVERY,1,7133.926320184301,7058.626416249072,Time limit reached,6102.921410444215,5943.227010963945,864,24,888,6102.921410444212,solver,True,20.022525500000484,0.02252550000048359
large_rho1.10_s4|D2_all_1p,large,1.1,4,D2_all_1p,AB,1,9310.927467261346,7706.40167767536,Time limit reached,6783.995904010527,6580.605150046399,864,432,1296,6783.995904010521,solver,True,20.05654400000094,0.05654400000094029
large_rho1.10_s2|D2_all_1p,large,1.1,2,D2_all_1p,A,0,10236.190291203357,9436.383329953966,Time limit reached,8303.36309469788,8138.52533262188,864,0,864,8303.363094697877,solver,True,20.02319560000069,0.02319560000069032
large_rho1.10_s5|D2_all_1p,large,1.1,5,D2_all_1p,END,0,9800.940838187558,8669.420145498216,Time limit reached,7807.52527612249,7666.9370615563475,864,72,936,7807.525276122484,solver,True,20.022632000000158,0.02263200000015786
large_rho1.10_s4|D2_all_1p,large,1.1,4,D2_all_1p,END,0,9310.927467261346,7706.40167767536,Time limit reached,6728.824044330889,6586.2464958991295,864,72,936,6728.824044330882,solver,True,20.06736389999969,0.06736389999969106
large_rho1.10_s5|D1_m0_2p,large,1.1,5,D1_m0_2p,AB,0,7523.736788628925,7515.499087356466,Time limit reached,6646.184662054209,6528.5427781870385,864,432,1296,6646.184662054204,solver,True,20.02112699999998,0.02112699999997858
large_rho1.10_s4|D1_m0_2p,large,1.1,4,D1_m0_2p,AB,0,7133.926320184301,7058.626416249072,Time limit reached,6091.634480578181,5961.805119613691,864,432,1296,6091.634480578175,solver,True,20.02115269999922,0.021152699999220204
large_rho1.10_s5|D2_all_1p,large,1.1,5,D2_all_1p,A,1,9800.940838187558,8669.420145498216,Time limit reached,7812.6858187078615,7665.858778196445,864,0,864,7812.685818707856,solver,True,20.01970600000095,0.019706000000951462
large_rho1.10_s2|D1_m0_2p,large,1.1,2,D1_m0_2p,END,0,8667.28954278623,8385.999675164838,Time limit reached,7290.299487207617,7072.477634048217,864,24,888,7290.299487207616,solver,True,20.087264899999354,0.08726489999935438
large_rho1.10_s5|D1_m0_2p,large,1.1,5,D1_m0_2p,END,1,7523.736788628925,7515.499087356466,Time limit reached,6644.997179318257,6531.403742295256,864,24,888,6644.997179318252,solver,True,20.02173269999912,0.021732699999120086
large_rho0.75_s5|D2_all_1p,large,0.75,5,D2_all_1p,END,0,4543.3314226602215,4273.2167481382285,Time limit reached,3286.465432334698,3210.0157214534083,864,72,936,3286.4654323347013,solver,True,20.024936499999967,0.024936499999967054
large_rho0.75_s2|D2_all_1p,large,0.75,2,D2_all_1p,AB,0,4941.850029997092,4675.768906539011,Time limit reached,3918.909193390123,3861.242333157226,864,432,1296,3918.9091933901236,solver,True,20.02178279999862,0.02178279999861843
large_rho1.10_s2|D2_all_1p,large,1.1,2,D2_all_1p,A,1,10236.190291203357,9436.383329953966,Time limit reached,8284.167614213526,8122.4540295023235,864,0,864,8284.167614213524,solver,True,20.02404360000037,0.024043600000368315
large_rho1.10_s5|D1_m0_2p,large,1.1,5,D1_m0_2p,END,0,7523.736788628925,7515.499087356466,Time limit reached,6661.98917330063,6528.19683566444,864,24,888,6661.989173300623,solver,True,20.064442599999893,0.06444259999989299
large_rho0.75_s2|D1_m0_2p,large,0.75,2,D1_m0_2p,RECOVERY,0,3455.735847193032,3397.5696329694347,Time limit reached,2677.747952031033,2615.1940403359936,864,24,888,2677.747952031033,solver,True,20.045208499999717,0.04520849999971688
large_rho0.75_s2|D1_m0_2p,large,0.75,2,D1_m0_2p,RECOVERY,1,3455.735847193032,3397.5696329694347,Time limit reached,2689.059143900594,2616.62779112938,864,24,888,2689.059143900595,solver,True,20.024895399999878,0.024895399999877554
large_rho0.75_s2|D1_m0_2p,large,0.75,2,D1_m0_2p,A,0,3455.735847193032,3397.5696329694347,Time limit reached,2703.2775834310482,2613.832018704304,864,0,864,2703.2775834310487,solver,True,20.0488007999993,0.04880079999929876
large_rho0.75_s3|D1_m0_2p,large,0.75,3,D1_m0_2p,A,1,4750.874555789891,4718.2744347601465,Time limit reached,3120.0017572479815,3033.4897625787294,864,0,864,3120.001757247983,solver,True,20.022838599999886,0.022838599999886355
large_rho1.10_s2|D2_all_1p,large,1.1,2,D2_all_1p,RECOVERY,1,10236.190291203357,9436.383329953966,Time limit reached,8034.197022657566,7881.837269347761,864,72,936,8034.197022657561,solver,True,20.026264699999956,0.026264699999956065
large_rho1.10_s4|D1_m0_2p,large,1.1,4,D1_m0_2p,A,1,7133.926320184301,7058.626416249072,Time limit reached,6115.715026779482,5971.650460861651,864,0,864,6115.715026779477,solver,True,20.042502099999183,0.042502099999182974
large_rho1.10_s2|D2_all_1p,large,1.1,2,D2_all_1p,END,1,10236.190291203357,9436.383329953966,Time limit reached,8296.089468697362,8130.937821802346,864,72,936,8296.089468697362,solver,True,20.02197940000042,0.021979400000418536
large_rho1.10_s5|D1_m0_2p,large,1.1,5,D1_m0_2p,RECOVERY,1,7523.736788628925,7515.499087356466,Time limit reached,6666.448607486433,6525.262953484679,864,24,888,6666.448607486427,solver,True,20.020793200001208,0.02079320000120788
large_rho0.75_s4|D2_all_1p,large,0.75,4,D2_all_1p,AB,1,3747.1326617647946,3496.7986575193486,Time limit reached,3476.9720249488673,3389.341062938559,864,432,1296,3476.9720249488673,solver,True,20.026270099999238,0.026270099999237573
large_rho0.75_s4|D2_all_1p,large,0.75,4,D2_all_1p,A,0,3747.1326617647946,3496.7986575193486,Time limit reached,3458.4626381213957,3393.270917122125,864,0,864,3458.4626381213952,solver,True,20.020002500001283,0.020002500001282897
large_rho1.10_s5|D2_all_1p,large,1.1,5,D2_all_1p,RECOVERY,0,9800.940838187558,8669.420145498216,Time limit reached,6627.7982223253075,6467.68959496957,864,72,936,6627.798222325303,solver,True,20.01933139999892,0.01933139999891864
large_rho0.75_s5|D2_all_1p,large,0.75,5,D2_all_1p,A,1,4543.3314226602215,4273.2167481382285,Time limit reached,3280.1067997800396,3208.0570912894227,864,0,864,3280.106799780043,solver,True,20.0219218000002,0.021921800000200165
large_rho0.75_s5|D1_m0_2p,large,0.75,5,D1_m0_2p,AB,1,3205.0548749417494,3184.5276507359295,Time limit reached,2170.6901986561406,2084.02238941494,864,432,1296,2170.6901986561406,solver,True,20.02285640000082,0.02285640000081912
large_rho1.10_s2|D1_m0_2p,large,1.1,2,D1_m0_2p,A,1,8667.28954278623,8385.999675164838,Time limit reached,7246.90665412106,7104.06526917142,864,0,864,7246.90665412106,solver,True,20.091157799999564,0.0911577999995643
large_rho1.10_s2|D1_m0_2p,large,1.1,2,D1_m0_2p,END,1,8667.28954278623,8385.999675164838,Time limit reached,7248.1428465475665,7097.747033129279,864,24,888,7248.142846547566,solver,True,20.036484300000666,0.036484300000665826
large_rho1.10_s2|D1_m0_2p,large,1.1,2,D1_m0_2p,AB,1,8667.28954278623,8385.999675164838,Time limit reached,7277.968327447497,7083.6702180062475,864,432,1296,7277.9683274474955,solver,True,20.02979239999877,0.029792399998768815
large_rho1.10_s3|D2_all_1p,large,1.1,3,D2_all_1p,A,0,9160.875587716027,8426.545781206973,Time limit reached,7463.93224138586,7292.873424197442,864,0,864,7463.932241385863,solver,True,20.021826399999554,0.02182639999955427
large_rho0.75_s2|D2_all_1p,large,0.75,2,D2_all_1p,RECOVERY,1,4941.850029997092,4675.768906539011,Time limit reached,4064.729226143056,3965.9057844546755,864,72,936,4064.7292261430557,solver,True,20.13687209999989,0.13687209999989136
large_rho0.75_s5|D1_m0_2p,large,0.75,5,D1_m0_2p,A,0,3205.0548749417494,3184.5276507359295,Time limit reached,2204.9612676168526,2130.0127121051473,864,0,864,2204.9612676168517,solver,True,20.02284520000103,0.022845200001029298
large_rho1.10_s5|D2_all_1p,large,1.1,5,D2_all_1p,RECOVERY,1,9800.940838187558,8669.420145498216,Time limit reached,6643.54144655304,6470.685579035357,864,72,936,6643.541446553035,solver,True,20.026502799999435,0.0265027999994345
large_rho1.10_s3|D2_all_1p,large,1.1,3,D2_all_1p,END,0,9160.875587716027,8426.545781206973,Time limit reached,7451.8222006435535,7293.211681722696,864,72,936,7451.822200643554,solver,True,20.05972870000005,0.059728700000050594
large_rho1.10_s4|D2_all_1p,large,1.1,4,D2_all_1p,A,0,9310.927467261346,7706.40167767536,Time limit reached,6771.570946549473,6602.556041970756,864,0,864,6771.5709465494665,solver,True,20.022773000000598,0.022773000000597676
large_rho0.75_s3|D2_all_1p,large,0.75,3,D2_all_1p,END,0,5916.914907391902,5373.071853006107,Time limit reached,3808.113115309402,3681.7209666906647,864,72,936,3808.113115309405,solver,True,20.02903250000054,0.029032500000539585
large_rho1.10_s3|D2_all_1p,large,1.1,3,D2_all_1p,RECOVERY,1,9160.875587716027,8426.545781206973,Time limit reached,7137.316427794629,6936.069266580406,864,72,936,7137.316427794632,solver,True,20.020337399999335,0.020337399999334593
large_rho0.75_s3|D2_all_1p,large,0.75,3,D2_all_1p,A,1,5916.914907391902,5373.071853006107,Time limit reached,3812.2783207659963,3689.382697753317,864,0,864,3812.2783207659995,solver,True,20.058501499999693,0.058501499999692896
large_rho0.75_s4|D1_m0_2p,large,0.75,4,D1_m0_2p,RECOVERY,0,2476.384412098589,2404.1929840850175,Time limit reached,2338.835251264039,2263.9243518132753,864,24,888,2338.8352512640404,solver,True,20.023836400001528,0.02383640000152809
large_rho0.75_s3|D1_m0_2p,large,0.75,3,D1_m0_2p,RECOVERY,1,4750.874555789891,4718.2744347601465,Time limit reached,3127.5865522275135,3030.431064283366,864,24,888,3127.5865522275144,solver,True,20.11587469999904,0.11587469999903988
large_rho1.10_s3|D1_m0_2p,large,1.1,3,D1_m0_2p,END,0,7766.476906514546,7514.361112882861,Time limit reached,6538.383445047727,6368.810678766356,864,24,888,6538.383445047727,solver,True,20.019836400000713,0.019836400000713184
large_rho1.10_s4|D1_m0_2p,large,1.1,4,D1_m0_2p,RECOVERY,0,7133.926320184301,7058.626416249072,Time limit reached,6087.170871607399,5965.686585795109,864,24,888,6087.170871607394,solver,True,20.019100400000752,0.019100400000752416
large_rho0.75_s5|D2_all_1p,large,0.75,5,D2_all_1p,RECOVERY,1,4543.3314226602215,4273.2167481382285,Time limit reached,3331.783514789058,3206.49886344989,864,72,936,3331.7835147890623,solver,True,20.090794999998252,0.09079499999825202
large_rho1.10_s4|D1_m0_2p,large,1.1,4,D1_m0_2p,END,0,7133.926320184301,7058.626416249072,Time limit reached,6101.172664742128,5958.321288907234,864,24,888,6101.172664742122,solver,True,20.027405299999373,0.0274052999993728
large_rho0.75_s5|D1_m0_2p,large,0.75,5,D1_m0_2p,RECOVERY,0,3205.0548749417494,3184.5276507359295,Time limit reached,2170.61711024881,2085.2300077467103,864,24,888,2170.6171102488097,solver,True,20.048400599998786,0.048400599998785765
large_rho0.75_s3|D1_m0_2p,large,0.75,3,D1_m0_2p,RECOVERY,0,4750.874555789891,4718.2744347601465,Time limit reached,3157.944173324631,3032.5458296965776,864,24,888,3157.944173324632,solver,True,20.04404930000055,0.04404930000055174
large_rho0.75_s5|D2_all_1p,large,0.75,5,D2_all_1p,AB,0,4543.3314226602215,4273.2167481382285,Time limit reached,3210.987355259469,3139.080470857744,864,432,1296,3210.987355259472,solver,True,20.022938500000237,0.022938500000236672
large_rho1.10_s2|D1_m0_2p,large,1.1,2,D1_m0_2p,RECOVERY,0,8667.28954278623,8385.999675164838,Time limit reached,7318.384450087478,7092.4393973606175,864,24,888,7318.384450087477,solver,True,20.022779799999626,0.02277979999962554
large_rho0.75_s5|D2_all_1p,large,0.75,5,D2_all_1p,AB,1,4543.3314226602215,4273.2167481382285,Time limit reached,3216.6256911252085,3137.40189886973,864,432,1296,3216.625691125212,solver,True,20.07209409999996,0.07209409999995842
large_rho1.10_s4|D1_m0_2p,large,1.1,4,D1_m0_2p,END,1,7133.926320184301,7058.626416249072,Time limit reached,6123.067815654207,5957.592230264465,864,24,888,6123.067815654201,solver,True,20.03352679999989,0.0335267999998905
large_rho1.10_s5|D2_all_1p,large,1.1,5,D2_all_1p,END,1,9800.940838187558,8669.420145498216,Time limit reached,7832.537696916102,7665.60963773354,864,72,936,7832.537696916097,solver,True,20.02053370000067,0.02053370000066934
large_rho0.75_s4|D1_m0_2p,large,0.75,4,D1_m0_2p,END,1,2476.384412098589,2404.1929840850175,Time limit reached,2319.464704249517,2266.590875444555,864,24,888,2319.464704249518,solver,True,20.020813400000407,0.020813400000406546
large_rho1.10_s3|D2_all_1p,large,1.1,3,D2_all_1p,AB,1,9160.875587716027,8426.545781206973,Time limit reached,7110.20108659375,6931.332342048696,864,432,1296,7110.201086593752,solver,True,20.02033560000018,0.02033560000018042
large_rho1.10_s4|D2_all_1p,large,1.1,4,D2_all_1p,RECOVERY,1,9310.927467261346,7706.40167767536,Time limit reached,6730.424298776013,6570.134824521589,864,72,936,6730.424298776008,solver,True,20.02196990000084,0.021969900000840425
large_rho0.75_s2|D1_m0_2p,large,0.75,2,D1_m0_2p,AB,1,3455.735847193032,3397.5696329694347,Time limit reached,2539.7784255363613,2454.789354380196,864,432,1296,2539.778425536362,solver,True,20.023624299999938,0.023624299999937648
large_rho1.10_s3|D1_m0_2p,large,1.1,3,D1_m0_2p,END,1,7766.476906514546,7514.361112882861,Time limit reached,6499.4661220324115,6363.783691455704,864,24,888,6499.466122032412,solver,True,20.05109689999881,0.05109689999881084
large_rho0.75_s5|D2_all_1p,large,0.75,5,D2_all_1p,A,0,4543.3314226602215,4273.2167481382285,Time limit reached,3280.2934488019887,3206.382899849781,864,0,864,3280.2934488019923,solver,True,20.02154949999931,0.021549499999309774
large_rho1.10_s3|D1_m0_2p,large,1.1,3,D1_m0_2p,A,0,7766.476906514546,7514.361112882861,Time limit reached,6552.729250159195,6357.9192327064375,864,0,864,6552.729250159196,solver,True,20.01985810000042,0.019858100000419654
large_rho0.75_s4|D2_all_1p,large,0.75,4,D2_all_1p,RECOVERY,1,3747.1326617647946,3496.7986575193486,Time limit reached,3455.498650720417,3394.115690407176,864,72,936,3455.4986507204167,solver,True,20.036437799999476,0.03643779999947583
large_rho1.10_s3|D1_m0_2p,large,1.1,3,D1_m0_2p,RECOVERY,0,7766.476906514546,7514.361112882861,Time limit reached,6520.535272363163,6325.0923704093475,864,24,888,6520.535272363163,solver,True,20.024683800000275,0.02468380000027537
large_rho1.10_s4|D2_all_1p,large,1.1,4,D2_all_1p,RECOVERY,0,9310.927467261346,7706.40167767536,Time limit reached,6724.718776044619,6575.593851135612,864,72,936,6724.718776044614,solver,True,20.02336419999847,0.023364199998468393
large_rho0.75_s2|D2_all_1p,large,0.75,2,D2_all_1p,END,1,4941.850029997092,4675.768906539011,Time limit reached,4109.58361129046,4024.4118361284823,864,72,936,4109.58361129046,solver,True,20.044686500001262,0.044686500001262175
large_rho0.75_s5|D1_m0_2p,large,0.75,5,D1_m0_2p,END,1,3205.0548749417494,3184.5276507359295,Time limit reached,2207.992112834218,2125.575186501536,864,24,888,2207.992112834218,solver,True,20.024762299999566,0.024762299999565585
large_rho1.10_s2|D1_m0_2p,large,1.1,2,D1_m0_2p,RECOVERY,1,8667.28954278623,8385.999675164838,Time limit reached,7244.788298006368,7082.329522596858,864,24,888,7244.788298006367,solver,True,20.023323600000367,0.02332360000036715
large_rho0.75_s4|D1_m0_2p,large,0.75,4,D1_m0_2p,RECOVERY,1,2476.384412098589,2404.1929840850175,Time limit reached,2344.3887486346403,2267.344860381688,864,24,888,2344.388748634641,solver,True,20.05817919999936,0.05817919999935839
large_rho1.10_s5|D1_m0_2p,large,1.1,5,D1_m0_2p,AB,1,7523.736788628925,7515.499087356466,Time limit reached,6663.614022354024,6529.574410598611,864,432,1296,6663.614022354019,solver,True,20.06017190000057,0.06017190000056871
large_rho0.75_s3|D1_m0_2p,large,0.75,3,D1_m0_2p,END,1,4750.874555789891,4718.2744347601465,Time limit reached,3118.0825545538655,3029.6962841462873,864,24,888,3118.0825545538673,solver,True,20.028115600000092,0.028115600000091945
large_rho1.10_s2|D2_all_1p,large,1.1,2,D2_all_1p,AB,1,10236.190291203357,9436.383329953966,Time limit reached,8061.504786854749,7885.367761744274,864,432,1296,8061.504786854748,solver,True,20.02185709999867,0.021857099998669582
large_rho0.75_s4|D2_all_1p,large,0.75,4,D2_all_1p,AB,0,3747.1326617647946,3496.7986575193486,Time limit reached,3459.8559125451816,3393.3519602946662,864,432,1296,3459.855912545181,solver,True,20.021399299999757,0.021399299999757204
large_rho1.10_s2|D2_all_1p,large,1.1,2,D2_all_1p,END,0,10236.190291203357,9436.383329953966,Time limit reached,8363.661059652577,8121.313516950819,864,72,936,8363.661059652577,solver,True,20.027638500001558,0.027638500001557986
large_rho1.10_s4|D1_m0_2p,large,1.1,4,D1_m0_2p,AB,1,7133.926320184301,7058.626416249072,Time limit reached,6113.9785426742665,5960.594174508091,864,432,1296,6113.97854267426,solver,True,20.019617399999333,0.01961739999933343
large_rho0.75_s2|D1_m0_2p,large,0.75,2,D1_m0_2p,AB,0,3455.735847193032,3397.5696329694347,Time limit reached,2565.14092400491,2467.3954923244346,864,432,1296,2565.14092400491,solver,True,20.033830800000942,0.03383080000094196
large_rho0.75_s4|D2_all_1p,large,0.75,4,D2_all_1p,A,1,3747.1326617647946,3496.7986575193486,Time limit reached,3463.1825534721293,3395.5284137133663,864,0,864,3463.182553472127,solver,True,20.024762399998508,0.024762399998508045
large_rho1.10_s4|D2_all_1p,large,1.1,4,D2_all_1p,END,1,9310.927467261346,7706.40167767536,Time limit reached,6769.61651481341,6599.4401036723575,864,72,936,6769.616514813403,solver,True,20.026545099999566,0.026545099999566446
large_rho1.10_s3|D2_all_1p,large,1.1,3,D2_all_1p,A,1,9160.875587716027,8426.545781206973,Time limit reached,7462.974939000254,7290.897203911316,864,0,864,7462.974939000257,solver,True,20.022254100000282,0.02225410000028205
large_rho0.75_s4|D1_m0_2p,large,0.75,4,D1_m0_2p,A,0,2476.384412098589,2404.1929840850175,Time limit reached,2335.918570424381,2265.417477792551,864,0,864,2335.9185704243823,solver,True,20.043837999999596,0.04383799999959592
large_rho1.10_s3|D2_all_1p,large,1.1,3,D2_all_1p,RECOVERY,0,9160.875587716027,8426.545781206973,Time limit reached,7095.215805814832,6939.392505532642,864,72,936,7095.215805814833,solver,True,20.018435200001477,0.018435200001476915
large_rho0.75_s5|D1_m0_2p,large,0.75,5,D1_m0_2p,A,1,3205.0548749417494,3184.5276507359295,Time limit reached,2205.2579091696434,2129.187347998036,864,0,864,2205.2579091696434,solver,True,20.02080500000011,0.02080500000010943
large_rho1.10_s5|D2_all_1p,large,1.1,5,D2_all_1p,AB,0,9800.940838187558,8669.420145498216,Time limit reached,6625.45233584691,6473.141848785157,864,432,1296,6625.452335846905,solver,True,20.018752099998892,0.018752099998891936
large_rho0.75_s3|D2_all_1p,large,0.75,3,D2_all_1p,RECOVERY,1,5916.914907391902,5373.071853006107,Time limit reached,3764.94767651873,3651.1721613061136,864,72,936,3764.947676518733,solver,True,20.02024589999928,0.02024589999928139
large_rho0.75_s2|D1_m0_2p,large,0.75,2,D1_m0_2p,END,1,3455.735847193032,3397.5696329694347,Time limit reached,2717.94199240147,2613.1008690478966,864,24,888,2717.94199240147,solver,True,20.058071599998584,0.058071599998584134
large_rho0.75_s4|D2_all_1p,large,0.75,4,D2_all_1p,END,1,3747.1326617647946,3496.7986575193486,Time limit reached,3451.416848056948,3393.0362701840036,864,72,936,3451.4168480569488,solver,True,20.02042640000036,0.020426400000360445
large_rho0.75_s3|D2_all_1p,large,0.75,3,D2_all_1p,RECOVERY,0,5916.914907391902,5373.071853006107,Time limit reached,3766.9684309990325,3657.045901707081,864,72,936,3766.968430999034,solver,True,20.118157999999312,0.11815799999931187
large_rho0.75_s5|D1_m0_2p,large,0.75,5,D1_m0_2p,END,0,3205.0548749417494,3184.5276507359295,Time limit reached,2196.754446727321,2125.360026582457,864,24,888,2196.75444672732,solver,True,20.021872799999983,0.021872799999982817
large_rho0.75_s5|D1_m0_2p,large,0.75,5,D1_m0_2p,RECOVERY,1,3205.0548749417494,3184.5276507359295,Time limit reached,2167.5239037942133,2086.2196239337636,864,24,888,2167.523903794213,solver,True,20.022256999998717,0.02225699999871722
large_rho1.10_s5|D1_m0_2p,large,1.1,5,D1_m0_2p,A,1,7523.736788628925,7515.499087356466,Time limit reached,6651.449634940627,6530.099982826536,864,0,864,6651.449634940622,solver,True,20.022137199999634,0.022137199999633594
large_rho0.75_s2|D2_all_1p,large,0.75,2,D2_all_1p,A,1,4941.850029997092,4675.768906539011,Time limit reached,4113.344913405059,4028.8012283736516,864,0,864,4113.344913405059,solver,True,20.141015799999877,0.14101579999987734
large_rho1.10_s4|D2_all_1p,large,1.1,4,D2_all_1p,AB,0,9310.927467261346,7706.40167767536,Time limit reached,6728.980344740346,6577.054623818,864,432,1296,6728.980344740341,solver,True,20.01889200000005,0.018892000000050757
large_rho1.10_s3|D1_m0_2p,large,1.1,3,D1_m0_2p,AB,0,7766.476906514546,7514.361112882861,Time limit reached,6343.279206597684,6195.450797311798,864,432,1296,6343.279206597683,solver,True,20.01903979999952,0.019039799999518436
large_rho0.75_s3|D1_m0_2p,large,0.75,3,D1_m0_2p,AB,1,4750.874555789891,4718.2744347601465,Time limit reached,2874.5863551328353,2775.457827684049,864,432,1296,2874.5863551328343,solver,True,20.02113300000019,0.021133000000190805
large_rho1.10_s5|D2_all_1p,large,1.1,5,D2_all_1p,A,0,9800.940838187558,8669.420145498216,Time limit reached,7852.975557932903,7669.357730040423,864,0,864,7852.975557932897,solver,True,20.024532200000976,0.024532200000976445
large_rho0.75_s4|D1_m0_2p,large,0.75,4,D1_m0_2p,A,1,2476.384412098589,2404.1929840850175,Time limit reached,2320.872735047055,2266.206026870269,864,0,864,2320.8727350470554,solver,True,20.022435299999415,0.022435299999415292
large_rho1.10_s5|D1_m0_2p,large,1.1,5,D1_m0_2p,A,0,7523.736788628925,7515.499087356466,Time limit reached,6687.726564455662,6530.84930702954,864,0,864,6687.726564455657,solver,True,20.018839399999706,0.018839399999706075
large_rho0.75_s4|D1_m0_2p,large,0.75,4,D1_m0_2p,AB,0,2476.384412098589,2404.1929840850175,Time limit reached,2318.1698081694144,2265.2592395541897,864,432,1296,2318.169808169416,solver,True,20.02513960000033,0.025139600000329665
large_rho0.75_s3|D1_m0_2p,large,0.75,3,D1_m0_2p,END,0,4750.874555789891,4718.2744347601465,Time limit reached,3163.264625444797,3028.813237209318,864,24,888,3163.2646254447986,solver,True,20.113183199999185,0.11318319999918458
large_rho0.75_s3|D2_all_1p,large,0.75,3,D2_all_1p,END,1,5916.914907391902,5373.071853006107,Time limit reached,3859.4875022955116,3682.7693039067035,864,72,936,3859.4875022955157,solver,True,20.048891299999013,0.04889129999901343
large_rho0.75_s2|D2_all_1p,large,0.75,2,D2_all_1p,RECOVERY,0,4941.850029997092,4675.768906539011,Time limit reached,4026.588046786523,3963.660578902698,864,72,936,4026.5880467865213,solver,True,20.023538600000393,0.023538600000392762
large_rho0.75_s3|D2_all_1p,large,0.75,3,D2_all_1p,AB,1,5916.914907391902,5373.071853006107,Time limit reached,3580.6786756459014,3442.6585606242497,864,432,1296,3580.6786756459023,solver,True,20.021600099998977,0.021600099998977385
large_rho0.75_s3|D2_all_1p,large,0.75,3,D2_all_1p,AB,0,5916.914907391902,5373.071853006107,Time limit reached,3565.4909217205363,3446.068811725193,864,432,1296,3565.4909217205386,solver,True,20.02137229999971,0.021372299999711686
large_rho0.75_s4|D2_all_1p,large,0.75,4,D2_all_1p,END,0,3747.1326617647946,3496.7986575193486,Time limit reached,3451.0066943671522,3393.6964233075028,864,72,936,3451.006694367151,solver,True,20.021101800000906,0.021101800000906223
large_rho1.10_s2|D2_all_1p,large,1.1,2,D2_all_1p,RECOVERY,0,10236.190291203357,9436.383329953966,Time limit reached,8025.393813634699,7876.058352325507,864,72,936,8025.393813634695,solver,True,20.02903090000109,0.02903090000108932
large_rho1.10_s5|D2_all_1p,large,1.1,5,D2_all_1p,AB,1,9800.940838187558,8669.420145498216,Time limit reached,6618.557792811442,6468.559212796063,864,432,1296,6618.557792811437,solver,True,20.024484899999152,0.02448489999915182
large_rho0.75_s3|D1_m0_2p,large,0.75,3,D1_m0_2p,AB,0,4750.874555789891,4718.2744347601465,Time limit reached,2923.29649666047,2776.586911387113,864,432,1296,2923.296496660469,solver,True,20.019560300001103,0.019560300001103315
large_rho0.75_s5|D2_all_1p,large,0.75,5,D2_all_1p,RECOVERY,0,4543.3314226602215,4273.2167481382285,Time limit reached,3311.273983793181,3208.519582320122,864,72,936,3311.273983793184,solver,True,20.022111199999927,0.022111199999926612
large_rho0.75_s3|D1_m0_2p,large,0.75,3,D1_m0_2p,A,0,4750.874555789891,4718.2744347601465,Time limit reached,3149.4266487967793,3033.380394132166,864,0,864,3149.426648796781,solver,True,20.0215831000005,0.021583100000498234
large_rho1.10_s3|D1_m0_2p,large,1.1,3,D1_m0_2p,RECOVERY,1,7766.476906514546,7514.361112882861,Time limit reached,6520.614537232481,6329.7651905733865,864,24,888,6520.614537232482,solver,True,20.01757280000129,0.01757280000128958
large_rho1.10_s3|D2_all_1p,large,1.1,3,D2_all_1p,AB,0,9160.875587716027,8426.545781206973,Time limit reached,7135.223889204048,6928.211445746064,864,432,1296,7135.22388920405,solver,True,20.024175799999284,0.02417579999928421
large_rho1.10_s3|D2_all_1p,large,1.1,3,D2_all_1p,END,1,9160.875587716027,8426.545781206973,Time limit reached,7450.643549590496,7288.557657011386,864,72,936,7450.643549590496,solver,True,20.030820300000414,0.030820300000414136
large_rho1.10_s4|D2_all_1p,large,1.1,4,D2_all_1p,A,1,9310.927467261346,7706.40167767536,Time limit reached,6758.7953343476875,6592.315154964894,864,0,864,6758.795334347682,solver,True,20.038194800001293,0.038194800001292606
large_rho0.75_s3|D2_all_1p,large,0.75,3,D2_all_1p,A,0,5916.914907391902,5373.071853006107,Time limit reached,3784.198451859463,3686.3803116171584,864,0,864,3784.1984518594654,solver,True,20.022637300000497,0.022637300000496907
large_rho1.10_s2|D1_m0_2p,large,1.1,2,D1_m0_2p,AB,0,8667.28954278623,8385.999675164838,Time limit reached,7300.178410444118,7089.999830388029,864,432,1296,7300.178410444118,solver,True,20.019027199999982,0.01902719999998226
large_rho0.75_s4|D1_m0_2p,large,0.75,4,D1_m0_2p,AB,1,2476.384412098589,2404.1929840850175,Time limit reached,2343.421429422786,2265.8071498653653,864,432,1296,2343.421429422787,solver,True,20.020523699999103,0.020523699999102973
large_rho0.75_s5|D1_m0_2p,large,0.75,5,D1_m0_2p,AB,0,3205.0548749417494,3184.5276507359295,Time limit reached,2158.0126434541535,2090.8598300527115,864,432,1296,2158.012643454153,solver,True,20.021845799999937,0.0218457999999373
large_rho0.75_s4|D1_m0_2p,large,0.75,4,D1_m0_2p,END,0,2476.384412098589,2404.1929840850175,Time limit reached,2332.532052789467,2269.1187329995337,864,24,888,2332.5320527894673,solver,True,20.021712199999456,0.02171219999945606
large_rho1.10_s4|D1_m0_2p,large,1.1,4,D1_m0_2p,A,0,7133.926320184301,7058.626416249072,Time limit reached,6119.25445694049,5960.9826454071535,864,0,864,6119.254456940485,solver,True,20.01929459999883,0.019294599998829653
large_rho0.75_s2|D1_m0_2p,large,0.75,2,D1_m0_2p,END,0,3455.735847193032,3397.5696329694347,Time limit reached,2673.6836915769645,2610.7570751286603,864,24,888,2673.6836915769636,solver,True,20.127132699999493,0.12713269999949262
large_rho0.75_s4|D2_all_1p,large,0.75,4,D2_all_1p,RECOVERY,0,3747.1326617647946,3496.7986575193486,Time limit reached,3450.4777617687314,3393.3501071127375,864,72,936,3450.477761768731,solver,True,20.021713799998906,0.021713799998906325
