state,scale,rho,inst_seed,disruption,repair_cost,lp_objective,lp_status,proven_optimal,lp_gap,lp_dual_bound,lp_recomputed_cost,lp_feasible,lp_max_violation,lp_short_term_flips,n_binaries_pinned,raw_binary_norm_max_error,total_s,overrun_s
large_rho0.75_s2|D1_m0_2p,large,0.75,2,D1_m0_2p,3455.735847193032,3397.5696329694347,Optimal,True,,0.0,3397.5696329694347,True,0.0,0,2664,0.0,0.04131349999806844,0.0
large_rho0.75_s2|D2_all_1p,large,0.75,2,D2_all_1p,4941.850029997092,4675.768906539011,Optimal,True,,0.0,4675.768906539015,True,3.637978807091713e-12,0,2664,0.0,0.11696590000065044,0.0
large_rho0.75_s3|D1_m0_2p,large,0.75,3,D1_m0_2p,4750.874555789891,4718.2744347601465,Optimal,True,,0.0,4718.274434760155,True,8.185452315956354e-12,0,2664,0.0,0.035709499999939,0.0
large_rho0.75_s3|D2_all_1p,large,0.75,3,D2_all_1p,5916.914907391902,5373.071853006107,Optimal,True,,0.0,5373.071853006108,True,9.094947017729282e-13,0,2664,0.0,0.035066999997070525,0.0
large_rho0.75_s4|D1_m0_2p,large,0.75,4,D1_m0_2p,2476.384412098589,2404.1929840850175,Optimal,True,,0.0,2404.1929840850175,True,0.0,0,2664,7.105427357601002e-15,0.03458009999303613,0.0
large_rho0.75_s4|D2_all_1p,large,0.75,4,D2_all_1p,3747.1326617647946,3496.7986575193486,Optimal,True,,0.0,3496.798657519348,True,4.547473508864641e-13,0,2664,7.105427357601002e-15,0.037304400000721216,0.0
large_rho0.75_s5|D1_m0_2p,large,0.75,5,D1_m0_2p,3205.0548749417494,3184.5276507359295,Optimal,True,,0.0,3184.5276507359304,True,9.094947017729282e-13,0,2664,1.7738172292616464e-14,0.04623410000203876,0.0
large_rho0.75_s5|D2_all_1p,large,0.75,5,D2_all_1p,4543.3314226602215,4273.2167481382285,Optimal,True,,0.0,4273.2167481382285,True,0.0,0,2664,1.7738172292616464e-14,0.041042899996682536,0.0
large_rho1.10_s2|D1_m0_2p,large,1.1,2,D1_m0_2p,8667.28954278623,8385.999675164838,Optimal,True,,0.0,8385.99967516484,True,1.8189894035458565e-12,0,2664,9.115042347662435e-16,0.11642739999660989,0.0
large_rho1.10_s2|D2_all_1p,large,1.1,2,D2_all_1p,10236.190291203357,9436.383329953966,Optimal,True,,0.0,9436.383329953966,True,0.0,0,2664,9.115042347662435e-16,0.040851999998267274,0.0
large_rho1.10_s3|D1_m0_2p,large,1.1,3,D1_m0_2p,7766.476906514546,7514.361112882861,Optimal,True,,0.0,7514.36111288286,True,9.094947017729282e-13,0,2664,1.1898674296110308e-15,0.033855199995741714,0.0
large_rho1.10_s3|D2_all_1p,large,1.1,3,D2_all_1p,9160.875587716027,8426.545781206973,Optimal,True,,0.0,8426.545781206964,True,9.094947017729282e-12,0,2664,1.1898674296110308e-15,0.03868309999961639,0.0
large_rho1.10_s4|D1_m0_2p,large,1.1,4,D1_m0_2p,7133.926320184301,7058.626416249072,Optimal,True,,0.0,7058.626416249069,True,2.7284841053187847e-12,0,2664,2.220446049250313e-16,0.03828400000202237,0.0
large_rho1.10_s4|D2_all_1p,large,1.1,4,D2_all_1p,9310.927467261346,7706.40167767536,Optimal,True,,0.0,7706.40167767536,True,0.0,0,2664,3.7263617956233694e-16,0.03555939999932889,0.0
large_rho1.10_s5|D1_m0_2p,large,1.1,5,D1_m0_2p,7523.736788628925,7515.499087356466,Optimal,True,,0.0,7515.499087356466,True,0.0,0,2664,1.3322676295501878e-15,0.03571120000560768,0.0
large_rho1.10_s5|D2_all_1p,large,1.1,5,D2_all_1p,9800.940838187558,8669.420145498216,Optimal,True,,0.0,8669.420145498221,True,5.4569682106375694e-12,0,2664,1.3322676295501878e-15,0.03477279999788152,0.0
