arm,seed,paid_executions,cache_hits,charged_s,original_first_labels,terminal_added,changed_after_label,refined_after_label,max_weight_reconstruction_error,cache_verified_slots,nontraining_cache_nonzero
FIXED-100,7,6424,18546,86460.00000000001,26913,1049,0,0,0.0,11528,0
RANDOM-ROW,7,2357,0,86460.0,9301,0,0,0,0.0,11528,0
COARSE-PC-100,7,2839,0,86460.0,10938,0,0,0,0.0,11528,0
FIXED-100,42,6488,18948,86460.00000000001,27972,591,0,0,0.0,11528,0
RANDOM-ROW,42,2369,0,86460.0,9317,0,0,0,0.0,11528,0
COARSE-PC-100,42,2623,0,86460.0,9975,0,0,0,0.0,11528,0
FIXED-100,99,6097,15917,86460.00000000001,25754,616,0,0,0.0,11528,0
RANDOM-ROW,99,2100,0,86460.0,7772,0,0,0,0.0,11528,0
COARSE-PC-100,99,2727,0,86460.0,10550,0,0,0,0.0,11528,0
