scope,request_category,miss_requests,hit_requests,demand_service_time_s_sample,demand_dt_pct,share_of_scope_demand_dt_pct,prefetch_extra_service_time_s_sample,prefetch_extra_dt_pct,scope_duration_s
peak_578,FIRST,27,0,0.9118986013986015,4.293014819280503,15.952063621578343,0.0,0.0,590.0402810573578
peak_578,ADMITTED-BEFORE,38,0,1.0707412587412588,5.040810551020913,18.73073678969636,0.009615384615384616,0.045267081870305884,590.0402810573578
peak_578,REJECTED-BEFORE,77,0,2.294590909090909,10.80242119223049,40.13983584487775,0.10664335664335664,0.5020530898343016,590.0402810573578
peak_578,OTHER,44,0,0.964041958041958,4.538494089073911,16.864220018508586,0.1284965034965035,0.604932821357724,590.0402810573578
peak_578,MIXED,17,0,0.47522027972027975,2.2372308720868666,8.313143725338962,0.0,0.0,590.0402810573578
peak_578,HIT,0,204,0.0,0.0,0.0,0.0,0.0,590.0402810573578
evaluation,FIRST,10840,0,419.8453146853147,2.250376862440423,16.765286557850196,0.0,0.0,518240.7465620041
evaluation,ADMITTED-BEFORE,18661,0,810.469506993007,4.344128093027769,32.363713624675604,12.048951048951048,0.06458254911707156,518240.7465620041
evaluation,REJECTED-BEFORE,20142,0,941.1871958041959,5.044776765582017,37.58353967594897,5.911713286713287,0.03168686735916679,518240.7465620041
evaluation,OTHER,6990,0,167.66996503496503,0.8987133990614898,6.695406409531704,16.70979020979021,0.08956471335765671,518240.7465620041
evaluation,MIXED,6029,0,165.08175174825175,0.884840539006243,6.592053731993533,1.777972027972028,0.009529955376097183,518240.7465620041
evaluation,HIT,0,46656,0.0,0.0,0.0,0.0,0.0,518240.7465620041
