population,aggregation_unit,feature,candidate_events,unique_units,feature_nonmissing_units,feature_missing_events,mean_of_unit_values,median_of_unit_values,p25_of_unit_values,p75_of_unit_values,min_of_unit_values,max_of_unit_values,independence_note
all_actual_rejections_full_trace,candidate_chunk_event,prior_block_get_count,2234483,2234483,2234483,0,17.913357586520014,,,,0.0,1622.0,candidate/chunk events are clustered; descriptive only
all_actual_rejections_full_trace,candidate_chunk_event,seconds_since_block_last_get,2234483,2234483,1793393,441090,22424.22173167782,,,,1.1920928955078125e-05,562839.7573559284,candidate/chunk events are clustered; descriptive only
all_actual_rejections_full_trace,candidate_chunk_event,prior_chunk_get_count,2234483,2234483,2234483,0,14.178034471508623,,,,0.0,1622.0,candidate/chunk events are clustered; descriptive only
all_actual_rejections_full_trace,candidate_chunk_event,seconds_since_chunk_last_get,2234483,2234483,1589265,645218,27825.120045756572,,,,1.1920928955078125e-05,562839.7573559284,candidate/chunk events are clustered; descriptive only
all_actual_rejections_full_trace,candidate_chunk_event,prior_actual_rejection_count,2234483,2234483,2234483,0,9.509069435748673,,,,0.0,127.0,candidate/chunk events are clustered; descriptive only
all_actual_rejections_full_trace,candidate_chunk_event,seconds_since_latest_actual_rejection,2234483,2234483,1587905,646578,28289.01316421806,,,,1.1920928955078125e-05,562839.7573559284,candidate/chunk events are clustered; descriptive only
all_actual_rejections_full_trace,candidate_chunk_event,current_request_chunk_count,2234483,2234483,2234483,0,52.49594827975867,,,,1.0,114.0,candidate/chunk events are clustered; descriptive only
all_actual_rejections_full_trace,candidate_chunk_event,cache_occupancy_fraction_at_request_start,2234483,2234483,2234483,0,0.9940773233583232,,,,0.0,0.9996668887408394,candidate/chunk events are clustered; descriptive only
all_actual_rejections_full_trace,candidate_chunk_event,evaluation_write_budget_fraction_before_request,2234483,2234483,1966058,268425,0.4244686387109821,,,,0.0,0.8019578971431645,candidate/chunk events are clustered; descriptive only
all_actual_rejections_full_trace,candidate_chunk_event,last_completed_total_get_dt_pct,2234483,2234483,2231396,3087,13.796814951256811,,,,4.102227023023004,28.50840158483808,candidate/chunk events are clustered; descriptive only
all_actual_rejections_full_trace,candidate_chunk_event,last_completed_demand_read_dt_pct,2234483,2234483,2231396,3087,13.634451938430733,,,,4.102227023023004,27.2944207528635,candidate/chunk events are clustered; descriptive only
all_actual_rejections_full_trace,candidate_chunk_event,last_completed_extra_prefetch_dt_pct,2234483,2234483,2231396,3087,0.16236301284386817,,,,0.0,2.6372013061695916,candidate/chunk events are clustered; descriptive only
all_actual_rejections_full_trace,candidate_chunk_event,last_completed_put_dt_pct,2234483,2234483,2231396,3087,4.8730892622561255,,,,0.507995705743825,13.863506090068997,candidate/chunk events are clustered; descriptive only
all_actual_rejections_full_trace,candidate_chunk_event,last_completed_writes,2234483,2234483,2231396,3087,143.09297049918527,,,,0.0,710.0,candidate/chunk events are clustered; descriptive only
all_actual_rejections_full_trace,candidate_chunk_event,last_completed_evictions,2234483,2234483,2231396,3087,140.50870531272798,,,,0.0,710.0,candidate/chunk events are clustered; descriptive only
all_actual_rejections_full_trace,candidate_chunk_event,last_six_mean_total_get_dt_pct,2234483,2234483,2231396,3087,13.743534326321088,,,,6.730818077878517,21.099765473511916,candidate/chunk events are clustered; descriptive only
all_actual_rejections_full_trace,candidate_chunk_event,last_six_max_total_get_dt_pct,2234483,2234483,2231396,3087,17.01673798931645,,,,9.061889933598644,28.50840158483808,candidate/chunk events are clustered; descriptive only
all_actual_rejections_full_trace,request,prior_block_get_count,2234483,65080,65080,0,19.529056545789796,3.0,1.0,15.0,0.0,1622.0,unit means summarize within request/block clusters; descriptive only
all_actual_rejections_full_trace,request,seconds_since_block_last_get,2234483,65080,51656,441090,18182.418518613216,1568.1917505264282,5.60625821352005,13317.498878598213,1.1920928955078125e-05,562839.7573559284,unit means summarize within request/block clusters; descriptive only
all_actual_rejections_full_trace,request,prior_chunk_get_count,2234483,65080,65080,0,13.320727353595474,2.0,0.0,11.0,0.0,1621.0,unit means summarize within request/block clusters; descriptive only
all_actual_rejections_full_trace,request,seconds_since_chunk_last_get,2234483,65080,45079,645218,25084.378055716283,5963.844964752595,769.6027722491158,24940.838678479195,1.1920928955078125e-05,562839.7573559284,unit means summarize within request/block clusters; descriptive only
all_actual_rejections_full_trace,request,prior_actual_rejection_count,2234483,65080,65080,0,7.15099263704043,1.2,0.0,7.424450549450549,0.0,127.0,unit means summarize within request/block clusters; descriptive only
all_actual_rejections_full_trace,request,seconds_since_latest_actual_rejection,2234483,65080,44995,646578,25773.324082244548,6029.145268917084,756.1858418454294,26833.620442390442,1.1920928955078125e-05,562839.7573559284,unit means summarize within request/block clusters; descriptive only
all_actual_rejections_full_trace,request,current_request_chunk_count,2234483,65080,65080,0,34.46230792870313,32.0,10.0,64.0,1.0,114.0,unit means summarize within request/block clusters; descriptive only
all_actual_rejections_full_trace,request,cache_occupancy_fraction_at_request_start,2234483,65080,65080,0,0.9936963454398564,0.9996668887408398,0.9996668887408394,0.9996668887408401,0.0,0.9996668887408401,unit means summarize within request/block clusters; descriptive only
all_actual_rejections_full_trace,request,evaluation_write_budget_fraction_before_request,2234483,65080,57328,268425,0.4134986000543104,0.42302546207582786,0.2029368457147468,0.6228694757649716,0.0,0.8019578971431648,unit means summarize within request/block clusters; descriptive only
all_actual_rejections_full_trace,request,last_completed_total_get_dt_pct,2234483,65080,64969,3087,13.849992487565487,13.690034747216332,11.471177288793236,16.02973531383929,4.102227023023004,28.508401584838097,unit means summarize within request/block clusters; descriptive only
all_actual_rejections_full_trace,request,last_completed_demand_read_dt_pct,2234483,65080,64969,3087,13.683467293924046,13.558174266928372,11.307307257153742,15.852615275359453,4.102227023023004,27.294420752863513,unit means summarize within request/block clusters; descriptive only
all_actual_rejections_full_trace,request,last_completed_extra_prefetch_dt_pct,2234483,65080,64969,3087,0.16652519364141893,0.08732917180852016,0.0,0.24149989194078716,0.0,2.6372013061695925,unit means summarize within request/block clusters; descriptive only
all_actual_rejections_full_trace,request,last_completed_put_dt_pct,2234483,65080,64969,3087,4.948193395125246,4.684579507553184,3.543063664668556,6.036280827484841,0.5079957057438245,13.863506090068999,unit means summarize within request/block clusters; descriptive only
all_actual_rejections_full_trace,request,last_completed_writes,2234483,65080,64969,3087,144.76619618587327,122.0,64.0,204.0,0.0,710.0,unit means summarize within request/block clusters; descriptive only
all_actual_rejections_full_trace,request,last_completed_evictions,2234483,65080,64969,3087,142.0796071972787,121.0,61.0,202.0,0.0,710.0,unit means summarize within request/block clusters; descriptive only
all_actual_rejections_full_trace,request,last_six_mean_total_get_dt_pct,2234483,65080,64969,3087,13.767946227326968,13.713248206172134,12.088986425168812,15.427205941018089,6.730818077878512,21.09976547351192,unit means summarize within request/block clusters; descriptive only
all_actual_rejections_full_trace,request,last_six_max_total_get_dt_pct,2234483,65080,64969,3087,17.06545565577596,16.899903596502895,14.671066681352466,19.427737160256143,9.061889933598644,28.508401584838097,unit means summarize within request/block clusters; descriptive only
all_actual_rejections_full_trace,block,prior_block_get_count,2234483,13614,13614,0,3.5177059773552175,0.6135110294117647,0.0,2.0,0.0,1072.0645161290322,unit means summarize within request/block clusters; descriptive only
all_actual_rejections_full_trace,block,seconds_since_block_last_get,2234483,13614,9830,441090,24837.68254238972,3219.3516382575035,2.329023003578186,28502.703090012074,0.0038536787033081055,562839.7573559284,unit means summarize within request/block clusters; descriptive only
all_actual_rejections_full_trace,block,prior_chunk_get_count,2234483,13614,13614,0,2.1533062297331256,0.030303030303030304,0.0,1.0,0.0,1071.2903225806451,unit means summarize within request/block clusters; descriptive only
all_actual_rejections_full_trace,block,seconds_since_chunk_last_get,2234483,13614,7149,645218,37927.23237058809,16359.708749055862,1259.9783351421356,48403.077198028564,0.0026165246963500977,562839.7573559284,unit means summarize within request/block clusters; descriptive only
all_actual_rejections_full_trace,block,prior_actual_rejection_count,2234483,13614,13614,0,1.1527365706687265,0.030303030303030304,0.0,1.0,0.0,59.98523985239852,unit means summarize within request/block clusters; descriptive only
all_actual_rejections_full_trace,block,seconds_since_latest_actual_rejection,2234483,13614,7138,646578,38261.02586105423,17114.577005084553,1204.441031199235,48698.24656164646,0.0026165246963500977,562839.7573559284,unit means summarize within request/block clusters; descriptive only
all_actual_rejections_full_trace,block,current_request_chunk_count,2234483,13614,13614,0,34.10674865792578,32.0,13.380952380952381,63.51139083314518,1.0,114.0,unit means summarize within request/block clusters; descriptive only
all_actual_rejections_full_trace,block,cache_occupancy_fraction_at_request_start,2234483,13614,13614,0,0.9939703265305642,0.9996668887408398,0.9996668887408392,0.9996668887408401,0.0,0.9996668887408646,unit means summarize within request/block clusters; descriptive only
all_actual_rejections_full_trace,block,evaluation_write_budget_fraction_before_request,2234483,13614,12314,268425,0.3854029264253337,0.3813596358526467,0.19014445542623915,0.5656478810738848,0.0,0.8019578971431635,unit means summarize within request/block clusters; descriptive only
all_actual_rejections_full_trace,block,last_completed_total_get_dt_pct,2234483,13614,13599,3087,13.672895195624662,13.623309332689141,11.710085686023042,15.445018276728387,4.102227023023004,28.508401584838097,unit means summarize within request/block clusters; descriptive only
all_actual_rejections_full_trace,block,last_completed_demand_read_dt_pct,2234483,13614,13599,3087,13.506676472963077,13.449413906868394,11.55677566251488,15.299017051539044,4.102227023023004,27.294420752863513,unit means summarize within request/block clusters; descriptive only
all_actual_rejections_full_trace,block,last_completed_extra_prefetch_dt_pct,2234483,13614,13599,3087,0.1662187226615595,0.11841450365574135,0.012264034812584548,0.23031213574752982,0.0,2.637201306169593,unit means summarize within request/block clusters; descriptive only
all_actual_rejections_full_trace,block,last_completed_put_dt_pct,2234483,13614,13599,3087,5.066773222748257,4.877734263662832,3.9439949263886183,5.911908217101545,0.5079957057438246,13.863506090068997,unit means summarize within request/block clusters; descriptive only
all_actual_rejections_full_trace,block,last_completed_writes,2234483,13614,13599,3087,144.43268182587764,130.6,79.0,189.0,0.0,710.0,unit means summarize within request/block clusters; descriptive only
all_actual_rejections_full_trace,block,last_completed_evictions,2234483,13614,13599,3087,141.80911623518975,129.0,77.0,185.0,0.0,710.0,unit means summarize within request/block clusters; descriptive only
all_actual_rejections_full_trace,block,last_six_mean_total_get_dt_pct,2234483,13614,13599,3087,13.600602574754388,13.60630657973992,12.068083676673066,15.061051078638405,6.730818077878512,21.099765473511944,unit means summarize within request/block clusters; descriptive only
all_actual_rejections_full_trace,block,last_six_max_total_get_dt_pct,2234483,13614,13599,3087,16.87909132069553,16.808307812425838,14.749603582617267,18.67105564045506,9.061889933598644,28.508401584838097,unit means summarize within request/block clusters; descriptive only
BC05_frozen_members,candidate_chunk_event,prior_block_get_count,1489,1489,1489,0,9.588985896574883,,,,0.0,34.0,candidate/chunk events are clustered; descriptive only
BC05_frozen_members,candidate_chunk_event,seconds_since_block_last_get,1489,1489,1284,205,9968.140989424099,,,,0.1295480728149414,177010.58324098587,candidate/chunk events are clustered; descriptive only
BC05_frozen_members,candidate_chunk_event,prior_chunk_get_count,1489,1489,1489,0,9.028206850235057,,,,0.0,34.0,candidate/chunk events are clustered; descriptive only
BC05_frozen_members,candidate_chunk_event,seconds_since_chunk_last_get,1489,1489,1242,247,10775.327941942714,,,,0.36429595947265625,177010.58324098587,candidate/chunk events are clustered; descriptive only
BC05_frozen_members,candidate_chunk_event,prior_actual_rejection_count,1489,1489,1489,0,9.028206850235057,,,,0.0,34.0,candidate/chunk events are clustered; descriptive only
BC05_frozen_members,candidate_chunk_event,seconds_since_latest_actual_rejection,1489,1489,1242,247,10775.327941942714,,,,0.36429595947265625,177010.58324098587,candidate/chunk events are clustered; descriptive only
BC05_frozen_members,candidate_chunk_event,current_request_chunk_count,1489,1489,1489,0,56.03693754197448,,,,6.0,64.0,candidate/chunk events are clustered; descriptive only
BC05_frozen_members,candidate_chunk_event,cache_occupancy_fraction_at_request_start,1489,1489,1489,0,0.9996668887408604,,,,0.9996668887408394,0.9996668887408394,candidate/chunk events are clustered; descriptive only
BC05_frozen_members,candidate_chunk_event,evaluation_write_budget_fraction_before_request,1489,1489,1489,0,0.34913797862218204,,,,0.0024608185247191237,0.399714921569814,candidate/chunk events are clustered; descriptive only
BC05_frozen_members,candidate_chunk_event,last_completed_total_get_dt_pct,1489,1489,1489,0,14.973271718570993,,,,7.8550294454222245,22.3250986968788,candidate/chunk events are clustered; descriptive only
BC05_frozen_members,candidate_chunk_event,last_completed_demand_read_dt_pct,1489,1489,1489,0,14.863961416564544,,,,7.568982975578552,22.18580138211913,candidate/chunk events are clustered; descriptive only
BC05_frozen_members,candidate_chunk_event,last_completed_extra_prefetch_dt_pct,1489,1489,1489,0,0.10931030200667449,,,,0.0,0.37211691585463075,candidate/chunk events are clustered; descriptive only
BC05_frozen_members,candidate_chunk_event,last_completed_put_dt_pct,1489,1489,1489,0,5.436480940675956,,,,1.3197994086492728,9.49264527469377,candidate/chunk events are clustered; descriptive only
BC05_frozen_members,candidate_chunk_event,last_completed_writes,1489,1489,1489,0,185.91134989926124,,,,32.0,341.0,candidate/chunk events are clustered; descriptive only
BC05_frozen_members,candidate_chunk_event,last_completed_evictions,1489,1489,1489,0,185.91134989926124,,,,32.0,341.0,candidate/chunk events are clustered; descriptive only
BC05_frozen_members,candidate_chunk_event,last_six_mean_total_get_dt_pct,1489,1489,1489,0,14.472579614692139,,,,11.614495999317967,17.088021209502248,candidate/chunk events are clustered; descriptive only
BC05_frozen_members,candidate_chunk_event,last_six_max_total_get_dt_pct,1489,1489,1489,0,17.203081566766944,,,,14.041957250910766,22.990403249622585,candidate/chunk events are clustered; descriptive only
BC05_frozen_members,request,prior_block_get_count,1489,35,35,0,7.857142857142857,5.0,1.0,11.0,0.0,34.0,unit means summarize within request/block clusters; descriptive only
BC05_frozen_members,request,seconds_since_block_last_get,1489,35,31,205,12684.550472974777,4493.777209997177,769.1054239273071,9608.317527532578,0.1295480728149414,177010.58324098587,unit means summarize within request/block clusters; descriptive only
BC05_frozen_members,request,prior_chunk_get_count,1489,35,35,0,6.954082549686542,3.0,1.0,7.0,0.0,34.0,unit means summarize within request/block clusters; descriptive only
BC05_frozen_members,request,seconds_since_chunk_last_get,1489,35,31,247,13277.538877708768,4727.905379772186,1457.95851957798,9694.512029466805,6.351500034332275,177010.58324098587,unit means summarize within request/block clusters; descriptive only
BC05_frozen_members,request,prior_actual_rejection_count,1489,35,35,0,6.954082549686542,3.0,1.0,7.0,0.0,34.0,unit means summarize within request/block clusters; descriptive only
BC05_frozen_members,request,seconds_since_latest_actual_rejection,1489,35,31,247,13277.538877708768,4727.905379772186,1457.95851957798,9694.512029466805,6.351500034332275,177010.58324098587,unit means summarize within request/block clusters; descriptive only
BC05_frozen_members,request,current_request_chunk_count,1489,35,35,0,44.2,62.0,16.0,64.0,6.0,64.0,unit means summarize within request/block clusters; descriptive only
BC05_frozen_members,request,cache_occupancy_fraction_at_request_start,1489,35,35,0,0.9996668887408399,0.9996668887408401,0.9996668887408394,0.9996668887408401,0.9996668887408391,0.9996668887408401,unit means summarize within request/block clusters; descriptive only
BC05_frozen_members,request,evaluation_write_budget_fraction_before_request,1489,35,35,0,0.34335257228534344,0.3830606934667286,0.34749312517229086,0.39708601434805135,0.002460818524719122,0.399714921569814,unit means summarize within request/block clusters; descriptive only
BC05_frozen_members,request,last_completed_total_get_dt_pct,1489,35,35,0,15.282782332656211,16.131359317768055,13.035417208352527,16.641176520083597,7.855029445422222,22.3250986968788,unit means summarize within request/block clusters; descriptive only
BC05_frozen_members,request,last_completed_demand_read_dt_pct,1489,35,35,0,15.144511259500216,16.009442790989496,12.97025065047805,16.579514619592064,7.5689829755785505,22.185801382119127,unit means summarize within request/block clusters; descriptive only
BC05_frozen_members,request,last_completed_extra_prefetch_dt_pct,1489,35,35,0,0.13827107315614603,0.08209982407135331,0.0,0.2618944791819853,0.0,0.37211691585463097,unit means summarize within request/block clusters; descriptive only
BC05_frozen_members,request,last_completed_put_dt_pct,1489,35,35,0,5.551527751142677,5.4739740905982845,3.7394434813689488,7.7475670141988635,1.3197994086492726,9.49264527469377,unit means summarize within request/block clusters; descriptive only
BC05_frozen_members,request,last_completed_writes,1489,35,35,0,183.4,202.0,110.5,265.5,32.0,341.0,unit means summarize within request/block clusters; descriptive only
BC05_frozen_members,request,last_completed_evictions,1489,35,35,0,183.4,202.0,110.5,265.5,32.0,341.0,unit means summarize within request/block clusters; descriptive only
BC05_frozen_members,request,last_six_mean_total_get_dt_pct,1489,35,35,0,14.62810868112455,14.981081293148932,13.524761293843635,15.918383513285194,11.614495999317974,17.088021209502248,unit means summarize within request/block clusters; descriptive only
BC05_frozen_members,request,last_six_max_total_get_dt_pct,1489,35,35,0,17.61836122340586,17.363958307610325,16.49715163526366,19.00028545715425,14.04195725091075,22.99040324962259,unit means summarize within request/block clusters; descriptive only
BC05_frozen_members,block,prior_block_get_count,1489,31,31,0,8.029551218691982,5.0,1.0,12.5,0.0,34.0,unit means summarize within request/block clusters; descriptive only
BC05_frozen_members,block,seconds_since_block_last_get,1489,31,27,205,14096.873822263968,4493.777209997177,1334.7671284675598,9608.317527532578,0.1295480728149414,177010.58324098587,unit means summarize within request/block clusters; descriptive only
BC05_frozen_members,block,prior_chunk_get_count,1489,31,31,0,7.388624869454781,3.0816326530612246,1.0,10.5,0.0,34.0,unit means summarize within request/block clusters; descriptive only
BC05_frozen_members,block,seconds_since_chunk_last_get,1489,31,27,247,14529.267532786009,4727.905379772186,1498.4856436252594,9802.84228958562,6.351500034332275,177010.58324098587,unit means summarize within request/block clusters; descriptive only
BC05_frozen_members,block,prior_actual_rejection_count,1489,31,31,0,7.388624869454781,3.0816326530612246,1.0,10.5,0.0,34.0,unit means summarize within request/block clusters; descriptive only
BC05_frozen_members,block,seconds_since_latest_actual_rejection,1489,31,27,247,14529.267532786009,4727.905379772186,1498.4856436252594,9802.84228958562,6.351500034332275,177010.58324098587,unit means summarize within request/block clusters; descriptive only
BC05_frozen_members,block,current_request_chunk_count,1489,31,31,0,46.70232040244583,64.0,31.1796875,64.0,6.0,64.0,unit means summarize within request/block clusters; descriptive only
BC05_frozen_members,block,cache_occupancy_fraction_at_request_start,1489,31,31,0,0.99966688874084,0.9996668887408401,0.9996668887408395,0.9996668887408401,0.9996668887408391,0.9996668887408401,unit means summarize within request/block clusters; descriptive only
BC05_frozen_members,block,evaluation_write_budget_fraction_before_request,1489,31,31,0,0.33757411866311815,0.38067383396870835,0.31996019659653996,0.3937981994338773,0.002460818524719122,0.39971492156981375,unit means summarize within request/block clusters; descriptive only
BC05_frozen_members,block,last_completed_total_get_dt_pct,1489,31,31,0,15.025001503064649,15.429808096030209,12.990453633811617,16.641176520083597,7.855029445422222,22.3250986968788,unit means summarize within request/block clusters; descriptive only
BC05_frozen_members,block,last_completed_demand_read_dt_pct,1489,31,31,0,14.896687412399405,15.34770827195811,12.908459683765376,16.579514619592064,7.5689829755785505,22.185801382119127,unit means summarize within request/block clusters; descriptive only
BC05_frozen_members,block,last_completed_extra_prefetch_dt_pct,1489,31,31,0,0.12831409066535787,0.08209982407135331,0.0,0.2450116419907437,0.0,0.37211691585463075,unit means summarize within request/block clusters; descriptive only
BC05_frozen_members,block,last_completed_put_dt_pct,1489,31,31,0,5.563246007400099,5.4739740905982845,3.878738886895082,7.608001017939861,1.3197994086492735,9.49264527469377,unit means summarize within request/block clusters; descriptive only
BC05_frozen_members,block,last_completed_writes,1489,31,31,0,184.72106261859582,202.0,111.0,255.0,32.0,341.0,unit means summarize within request/block clusters; descriptive only
BC05_frozen_members,block,last_completed_evictions,1489,31,31,0,184.72106261859582,202.0,111.0,255.0,32.0,341.0,unit means summarize within request/block clusters; descriptive only
BC05_frozen_members,block,last_six_mean_total_get_dt_pct,1489,31,31,0,14.519026196854831,14.65877110672591,13.408128457805434,15.831037817582784,11.614495999317974,17.088021209502248,unit means summarize within request/block clusters; descriptive only
BC05_frozen_members,block,last_six_max_total_get_dt_pct,1489,31,31,0,17.56674498116428,17.363958307610325,16.49715163526366,18.99550500881984,14.04195725091075,22.99040324962259,unit means summarize within request/block clusters; descriptive only
BC05_HIGH_CF_write_success,candidate_chunk_event,prior_block_get_count,1489,1489,1489,0,9.588985896574883,,,,0.0,34.0,candidate/chunk events are clustered; descriptive only
BC05_HIGH_CF_write_success,candidate_chunk_event,seconds_since_block_last_get,1489,1489,1284,205,9968.140989424099,,,,0.1295480728149414,177010.58324098587,candidate/chunk events are clustered; descriptive only
BC05_HIGH_CF_write_success,candidate_chunk_event,prior_chunk_get_count,1489,1489,1489,0,9.028206850235057,,,,0.0,34.0,candidate/chunk events are clustered; descriptive only
BC05_HIGH_CF_write_success,candidate_chunk_event,seconds_since_chunk_last_get,1489,1489,1242,247,10775.327941942714,,,,0.36429595947265625,177010.58324098587,candidate/chunk events are clustered; descriptive only
BC05_HIGH_CF_write_success,candidate_chunk_event,prior_actual_rejection_count,1489,1489,1489,0,9.028206850235057,,,,0.0,34.0,candidate/chunk events are clustered; descriptive only
BC05_HIGH_CF_write_success,candidate_chunk_event,seconds_since_latest_actual_rejection,1489,1489,1242,247,10775.327941942714,,,,0.36429595947265625,177010.58324098587,candidate/chunk events are clustered; descriptive only
BC05_HIGH_CF_write_success,candidate_chunk_event,current_request_chunk_count,1489,1489,1489,0,56.03693754197448,,,,6.0,64.0,candidate/chunk events are clustered; descriptive only
BC05_HIGH_CF_write_success,candidate_chunk_event,cache_occupancy_fraction_at_request_start,1489,1489,1489,0,0.9996668887408604,,,,0.9996668887408394,0.9996668887408394,candidate/chunk events are clustered; descriptive only
BC05_HIGH_CF_write_success,candidate_chunk_event,evaluation_write_budget_fraction_before_request,1489,1489,1489,0,0.34913797862218204,,,,0.0024608185247191237,0.399714921569814,candidate/chunk events are clustered; descriptive only
BC05_HIGH_CF_write_success,candidate_chunk_event,last_completed_total_get_dt_pct,1489,1489,1489,0,14.973271718570993,,,,7.8550294454222245,22.3250986968788,candidate/chunk events are clustered; descriptive only
BC05_HIGH_CF_write_success,candidate_chunk_event,last_completed_demand_read_dt_pct,1489,1489,1489,0,14.863961416564544,,,,7.568982975578552,22.18580138211913,candidate/chunk events are clustered; descriptive only
BC05_HIGH_CF_write_success,candidate_chunk_event,last_completed_extra_prefetch_dt_pct,1489,1489,1489,0,0.10931030200667449,,,,0.0,0.37211691585463075,candidate/chunk events are clustered; descriptive only
BC05_HIGH_CF_write_success,candidate_chunk_event,last_completed_put_dt_pct,1489,1489,1489,0,5.436480940675956,,,,1.3197994086492728,9.49264527469377,candidate/chunk events are clustered; descriptive only
BC05_HIGH_CF_write_success,candidate_chunk_event,last_completed_writes,1489,1489,1489,0,185.91134989926124,,,,32.0,341.0,candidate/chunk events are clustered; descriptive only
BC05_HIGH_CF_write_success,candidate_chunk_event,last_completed_evictions,1489,1489,1489,0,185.91134989926124,,,,32.0,341.0,candidate/chunk events are clustered; descriptive only
BC05_HIGH_CF_write_success,candidate_chunk_event,last_six_mean_total_get_dt_pct,1489,1489,1489,0,14.472579614692139,,,,11.614495999317967,17.088021209502248,candidate/chunk events are clustered; descriptive only
BC05_HIGH_CF_write_success,candidate_chunk_event,last_six_max_total_get_dt_pct,1489,1489,1489,0,17.203081566766944,,,,14.041957250910766,22.990403249622585,candidate/chunk events are clustered; descriptive only
BC05_HIGH_CF_write_success,request,prior_block_get_count,1489,35,35,0,7.857142857142857,5.0,1.0,11.0,0.0,34.0,unit means summarize within request/block clusters; descriptive only
BC05_HIGH_CF_write_success,request,seconds_since_block_last_get,1489,35,31,205,12684.550472974777,4493.777209997177,769.1054239273071,9608.317527532578,0.1295480728149414,177010.58324098587,unit means summarize within request/block clusters; descriptive only
BC05_HIGH_CF_write_success,request,prior_chunk_get_count,1489,35,35,0,6.954082549686542,3.0,1.0,7.0,0.0,34.0,unit means summarize within request/block clusters; descriptive only
BC05_HIGH_CF_write_success,request,seconds_since_chunk_last_get,1489,35,31,247,13277.538877708768,4727.905379772186,1457.95851957798,9694.512029466805,6.351500034332275,177010.58324098587,unit means summarize within request/block clusters; descriptive only
BC05_HIGH_CF_write_success,request,prior_actual_rejection_count,1489,35,35,0,6.954082549686542,3.0,1.0,7.0,0.0,34.0,unit means summarize within request/block clusters; descriptive only
BC05_HIGH_CF_write_success,request,seconds_since_latest_actual_rejection,1489,35,31,247,13277.538877708768,4727.905379772186,1457.95851957798,9694.512029466805,6.351500034332275,177010.58324098587,unit means summarize within request/block clusters; descriptive only
BC05_HIGH_CF_write_success,request,current_request_chunk_count,1489,35,35,0,44.2,62.0,16.0,64.0,6.0,64.0,unit means summarize within request/block clusters; descriptive only
BC05_HIGH_CF_write_success,request,cache_occupancy_fraction_at_request_start,1489,35,35,0,0.9996668887408399,0.9996668887408401,0.9996668887408394,0.9996668887408401,0.9996668887408391,0.9996668887408401,unit means summarize within request/block clusters; descriptive only
BC05_HIGH_CF_write_success,request,evaluation_write_budget_fraction_before_request,1489,35,35,0,0.34335257228534344,0.3830606934667286,0.34749312517229086,0.39708601434805135,0.002460818524719122,0.399714921569814,unit means summarize within request/block clusters; descriptive only
BC05_HIGH_CF_write_success,request,last_completed_total_get_dt_pct,1489,35,35,0,15.282782332656211,16.131359317768055,13.035417208352527,16.641176520083597,7.855029445422222,22.3250986968788,unit means summarize within request/block clusters; descriptive only
BC05_HIGH_CF_write_success,request,last_completed_demand_read_dt_pct,1489,35,35,0,15.144511259500216,16.009442790989496,12.97025065047805,16.579514619592064,7.5689829755785505,22.185801382119127,unit means summarize within request/block clusters; descriptive only
BC05_HIGH_CF_write_success,request,last_completed_extra_prefetch_dt_pct,1489,35,35,0,0.13827107315614603,0.08209982407135331,0.0,0.2618944791819853,0.0,0.37211691585463097,unit means summarize within request/block clusters; descriptive only
BC05_HIGH_CF_write_success,request,last_completed_put_dt_pct,1489,35,35,0,5.551527751142677,5.4739740905982845,3.7394434813689488,7.7475670141988635,1.3197994086492726,9.49264527469377,unit means summarize within request/block clusters; descriptive only
BC05_HIGH_CF_write_success,request,last_completed_writes,1489,35,35,0,183.4,202.0,110.5,265.5,32.0,341.0,unit means summarize within request/block clusters; descriptive only
BC05_HIGH_CF_write_success,request,last_completed_evictions,1489,35,35,0,183.4,202.0,110.5,265.5,32.0,341.0,unit means summarize within request/block clusters; descriptive only
BC05_HIGH_CF_write_success,request,last_six_mean_total_get_dt_pct,1489,35,35,0,14.62810868112455,14.981081293148932,13.524761293843635,15.918383513285194,11.614495999317974,17.088021209502248,unit means summarize within request/block clusters; descriptive only
BC05_HIGH_CF_write_success,request,last_six_max_total_get_dt_pct,1489,35,35,0,17.61836122340586,17.363958307610325,16.49715163526366,19.00028545715425,14.04195725091075,22.99040324962259,unit means summarize within request/block clusters; descriptive only
BC05_HIGH_CF_write_success,block,prior_block_get_count,1489,31,31,0,8.029551218691982,5.0,1.0,12.5,0.0,34.0,unit means summarize within request/block clusters; descriptive only
BC05_HIGH_CF_write_success,block,seconds_since_block_last_get,1489,31,27,205,14096.873822263968,4493.777209997177,1334.7671284675598,9608.317527532578,0.1295480728149414,177010.58324098587,unit means summarize within request/block clusters; descriptive only
BC05_HIGH_CF_write_success,block,prior_chunk_get_count,1489,31,31,0,7.388624869454781,3.0816326530612246,1.0,10.5,0.0,34.0,unit means summarize within request/block clusters; descriptive only
BC05_HIGH_CF_write_success,block,seconds_since_chunk_last_get,1489,31,27,247,14529.267532786009,4727.905379772186,1498.4856436252594,9802.84228958562,6.351500034332275,177010.58324098587,unit means summarize within request/block clusters; descriptive only
BC05_HIGH_CF_write_success,block,prior_actual_rejection_count,1489,31,31,0,7.388624869454781,3.0816326530612246,1.0,10.5,0.0,34.0,unit means summarize within request/block clusters; descriptive only
BC05_HIGH_CF_write_success,block,seconds_since_latest_actual_rejection,1489,31,27,247,14529.267532786009,4727.905379772186,1498.4856436252594,9802.84228958562,6.351500034332275,177010.58324098587,unit means summarize within request/block clusters; descriptive only
BC05_HIGH_CF_write_success,block,current_request_chunk_count,1489,31,31,0,46.70232040244583,64.0,31.1796875,64.0,6.0,64.0,unit means summarize within request/block clusters; descriptive only
BC05_HIGH_CF_write_success,block,cache_occupancy_fraction_at_request_start,1489,31,31,0,0.99966688874084,0.9996668887408401,0.9996668887408395,0.9996668887408401,0.9996668887408391,0.9996668887408401,unit means summarize within request/block clusters; descriptive only
BC05_HIGH_CF_write_success,block,evaluation_write_budget_fraction_before_request,1489,31,31,0,0.33757411866311815,0.38067383396870835,0.31996019659653996,0.3937981994338773,0.002460818524719122,0.39971492156981375,unit means summarize within request/block clusters; descriptive only
BC05_HIGH_CF_write_success,block,last_completed_total_get_dt_pct,1489,31,31,0,15.025001503064649,15.429808096030209,12.990453633811617,16.641176520083597,7.855029445422222,22.3250986968788,unit means summarize within request/block clusters; descriptive only
BC05_HIGH_CF_write_success,block,last_completed_demand_read_dt_pct,1489,31,31,0,14.896687412399405,15.34770827195811,12.908459683765376,16.579514619592064,7.5689829755785505,22.185801382119127,unit means summarize within request/block clusters; descriptive only
BC05_HIGH_CF_write_success,block,last_completed_extra_prefetch_dt_pct,1489,31,31,0,0.12831409066535787,0.08209982407135331,0.0,0.2450116419907437,0.0,0.37211691585463075,unit means summarize within request/block clusters; descriptive only
BC05_HIGH_CF_write_success,block,last_completed_put_dt_pct,1489,31,31,0,5.563246007400099,5.4739740905982845,3.878738886895082,7.608001017939861,1.3197994086492735,9.49264527469377,unit means summarize within request/block clusters; descriptive only
BC05_HIGH_CF_write_success,block,last_completed_writes,1489,31,31,0,184.72106261859582,202.0,111.0,255.0,32.0,341.0,unit means summarize within request/block clusters; descriptive only
BC05_HIGH_CF_write_success,block,last_completed_evictions,1489,31,31,0,184.72106261859582,202.0,111.0,255.0,32.0,341.0,unit means summarize within request/block clusters; descriptive only
BC05_HIGH_CF_write_success,block,last_six_mean_total_get_dt_pct,1489,31,31,0,14.519026196854831,14.65877110672591,13.408128457805434,15.831037817582784,11.614495999317974,17.088021209502248,unit means summarize within request/block clusters; descriptive only
BC05_HIGH_CF_write_success,block,last_six_max_total_get_dt_pct,1489,31,31,0,17.56674498116428,17.363958307610325,16.49715163526366,18.99550500881984,14.04195725091075,22.99040324962259,unit means summarize within request/block clusters; descriptive only
BC05_HIGH_CF_hit_at_corresponding_peak,candidate_chunk_event,prior_block_get_count,478,478,478,0,13.286610878661088,,,,1.0,34.0,candidate/chunk events are clustered; descriptive only
BC05_HIGH_CF_hit_at_corresponding_peak,candidate_chunk_event,seconds_since_block_last_get,478,478,478,0,12721.564259936122,,,,0.36429595947265625,68348.06389713287,candidate/chunk events are clustered; descriptive only
BC05_HIGH_CF_hit_at_corresponding_peak,candidate_chunk_event,prior_chunk_get_count,478,478,478,0,12.198744769874477,,,,1.0,34.0,candidate/chunk events are clustered; descriptive only
BC05_HIGH_CF_hit_at_corresponding_peak,candidate_chunk_event,seconds_since_chunk_last_get,478,478,478,0,13295.660107236028,,,,0.36429595947265625,68348.06389713287,candidate/chunk events are clustered; descriptive only
BC05_HIGH_CF_hit_at_corresponding_peak,candidate_chunk_event,prior_actual_rejection_count,478,478,478,0,12.198744769874477,,,,1.0,34.0,candidate/chunk events are clustered; descriptive only
BC05_HIGH_CF_hit_at_corresponding_peak,candidate_chunk_event,seconds_since_latest_actual_rejection,478,478,478,0,13295.660107236028,,,,0.36429595947265625,68348.06389713287,candidate/chunk events are clustered; descriptive only
BC05_HIGH_CF_hit_at_corresponding_peak,candidate_chunk_event,current_request_chunk_count,478,478,478,0,54.86401673640167,,,,6.0,64.0,candidate/chunk events are clustered; descriptive only
BC05_HIGH_CF_hit_at_corresponding_peak,candidate_chunk_event,cache_occupancy_fraction_at_request_start,478,478,478,0,0.9996668887408314,,,,0.9996668887408394,0.9996668887408394,candidate/chunk events are clustered; descriptive only
BC05_HIGH_CF_hit_at_corresponding_peak,candidate_chunk_event,evaluation_write_budget_fraction_before_request,478,478,478,0,0.3977984572355215,,,,0.3935830459016614,0.399714921569814,candidate/chunk events are clustered; descriptive only
BC05_HIGH_CF_hit_at_corresponding_peak,candidate_chunk_event,last_completed_total_get_dt_pct,478,478,478,0,16.52403188991308,,,,12.990453633811603,19.00506590548866,candidate/chunk events are clustered; descriptive only
BC05_HIGH_CF_hit_at_corresponding_peak,candidate_chunk_event,last_completed_demand_read_dt_pct,478,478,478,0,16.37100342995763,,,,12.97025065047804,18.632948989634908,candidate/chunk events are clustered; descriptive only
BC05_HIGH_CF_hit_at_corresponding_peak,candidate_chunk_event,last_completed_extra_prefetch_dt_pct,478,478,478,0,0.15302845995619593,,,,0.020202983333382687,0.37211691585463075,candidate/chunk events are clustered; descriptive only
BC05_HIGH_CF_hit_at_corresponding_peak,candidate_chunk_event,last_completed_put_dt_pct,478,478,478,0,7.375170760478659,,,,4.409399185885132,9.49264527469377,candidate/chunk events are clustered; descriptive only
BC05_HIGH_CF_hit_at_corresponding_peak,candidate_chunk_event,last_completed_writes,478,478,478,0,250.4267782426778,,,,110.0,298.0,candidate/chunk events are clustered; descriptive only
BC05_HIGH_CF_hit_at_corresponding_peak,candidate_chunk_event,last_completed_evictions,478,478,478,0,250.4267782426778,,,,110.0,298.0,candidate/chunk events are clustered; descriptive only
BC05_HIGH_CF_hit_at_corresponding_peak,candidate_chunk_event,last_six_mean_total_get_dt_pct,478,478,478,0,15.718845800897503,,,,14.658771106725917,16.191901446264904,candidate/chunk events are clustered; descriptive only
BC05_HIGH_CF_hit_at_corresponding_peak,candidate_chunk_event,last_six_max_total_get_dt_pct,478,478,478,0,17.81371792125471,,,,17.363958307610314,19.00506590548866,candidate/chunk events are clustered; descriptive only
BC05_HIGH_CF_hit_at_corresponding_peak,request,prior_block_get_count,478,12,12,0,10.333333333333334,7.5,3.0,12.25,1.0,34.0,unit means summarize within request/block clusters; descriptive only
BC05_HIGH_CF_hit_at_corresponding_peak,request,seconds_since_block_last_get,478,12,12,0,8402.345718344053,1429.44442152977,205.866672873497,6747.422350406647,0.36429595947265625,68348.06389713287,unit means summarize within request/block clusters; descriptive only
BC05_HIGH_CF_hit_at_corresponding_peak,request,prior_chunk_get_count,478,12,12,0,8.83648726851852,5.111111111111111,2.0414062499999996,9.25,1.0,34.0,unit means summarize within request/block clusters; descriptive only
BC05_HIGH_CF_hit_at_corresponding_peak,request,seconds_since_chunk_last_get,478,12,12,0,9243.199779061604,2318.4167494773865,364.7863222360611,9836.659538653163,78.10272428393364,68348.06389713287,unit means summarize within request/block clusters; descriptive only
BC05_HIGH_CF_hit_at_corresponding_peak,request,prior_actual_rejection_count,478,12,12,0,8.83648726851852,5.111111111111111,2.0414062499999996,9.25,1.0,34.0,unit means summarize within request/block clusters; descriptive only
BC05_HIGH_CF_hit_at_corresponding_peak,request,seconds_since_latest_actual_rejection,478,12,12,0,9243.199779061604,2318.4167494773865,364.7863222360611,9836.659538653163,78.10272428393364,68348.06389713287,unit means summarize within request/block clusters; descriptive only
BC05_HIGH_CF_hit_at_corresponding_peak,request,current_request_chunk_count,478,12,12,0,43.083333333333336,52.0,23.75,64.0,6.0,64.0,unit means summarize within request/block clusters; descriptive only
BC05_HIGH_CF_hit_at_corresponding_peak,request,cache_occupancy_fraction_at_request_start,478,12,12,0,0.9996668887408399,0.9996668887408399,0.9996668887408395,0.9996668887408401,0.9996668887408392,0.9996668887408401,unit means summarize within request/block clusters; descriptive only
BC05_HIGH_CF_hit_at_corresponding_peak,request,evaluation_write_budget_fraction_before_request,478,12,12,0,0.3979376637464056,0.39886775453671347,0.39708601434805135,0.39925099676597364,0.393583045901661,0.399714921569814,unit means summarize within request/block clusters; descriptive only
BC05_HIGH_CF_hit_at_corresponding_peak,request,last_completed_total_get_dt_pct,478,12,12,0,16.942838203842598,16.592104544261936,16.265754009129413,19.00506590548866,12.990453633811606,19.00506590548866,unit means summarize within request/block clusters; descriptive only
BC05_HIGH_CF_hit_at_corresponding_peak,request,last_completed_demand_read_dt_pct,478,12,12,0,16.733685691733978,16.560032156566056,16.0094427909895,18.632948989634905,12.970250650478038,18.632948989634908,unit means summarize within request/block clusters; descriptive only
BC05_HIGH_CF_hit_at_corresponding_peak,request,last_completed_extra_prefetch_dt_pct,478,12,12,0,0.20915251210928618,0.2563112181407811,0.03207238769665089,0.37211691585463075,0.020202983333382676,0.37211691585463097,unit means summarize within request/block clusters; descriptive only
BC05_HIGH_CF_hit_at_corresponding_peak,request,last_completed_put_dt_pct,478,12,12,0,7.557526262597325,7.820114074910745,5.473974090598283,9.49264527469377,4.409399185885132,9.49264527469377,unit means summarize within request/block clusters; descriptive only
BC05_HIGH_CF_hit_at_corresponding_peak,request,last_completed_writes,478,12,12,0,243.16666666666666,276.0,212.0,281.5,110.0,298.0,unit means summarize within request/block clusters; descriptive only
BC05_HIGH_CF_hit_at_corresponding_peak,request,last_completed_evictions,478,12,12,0,243.16666666666666,276.0,212.0,281.5,110.0,298.0,unit means summarize within request/block clusters; descriptive only
BC05_HIGH_CF_hit_at_corresponding_peak,request,last_six_mean_total_get_dt_pct,478,12,12,0,15.779223431285738,15.918383513285194,15.659240595398487,16.1919014462649,14.65877110672591,16.191901446264904,unit means summarize within request/block clusters; descriptive only
BC05_HIGH_CF_hit_at_corresponding_peak,request,last_six_max_total_get_dt_pct,478,12,12,0,18.047753140059626,17.363958307610325,17.36395830761032,19.00506590548866,17.363958307610304,19.00506590548866,unit means summarize within request/block clusters; descriptive only
BC05_HIGH_CF_hit_at_corresponding_peak,block,prior_block_get_count,478,10,10,0,11.017659198113208,7.5,3.188679245283019,14.60546875,1.0,34.0,unit means summarize within request/block clusters; descriptive only
BC05_HIGH_CF_hit_at_corresponding_peak,block,seconds_since_block_last_get,478,10,10,0,9635.267843420446,2318.4167494773865,598.7829422354698,5792.860548472963,0.36429595947265625,68348.06389713287,unit means summarize within request/block clusters; descriptive only
BC05_HIGH_CF_hit_at_corresponding_peak,block,prior_chunk_get_count,478,10,10,0,9.88971108490566,5.171875,2.1533018867924527,13.75,1.0,34.0,unit means summarize within request/block clusters; descriptive only
BC05_HIGH_CF_hit_at_corresponding_peak,block,seconds_since_chunk_last_get,478,10,10,0,10074.320340966124,2318.4167494773865,598.7829422354698,8875.921042887494,78.10272428393364,68348.06389713287,unit means summarize within request/block clusters; descriptive only
BC05_HIGH_CF_hit_at_corresponding_peak,block,prior_actual_rejection_count,478,10,10,0,9.88971108490566,5.171875,2.1533018867924527,13.75,1.0,34.0,unit means summarize within request/block clusters; descriptive only
BC05_HIGH_CF_hit_at_corresponding_peak,block,seconds_since_latest_actual_rejection,478,10,10,0,10074.320340966124,2318.4167494773865,598.7829422354698,8875.921042887494,78.10272428393364,68348.06389713287,unit means summarize within request/block clusters; descriptive only
BC05_HIGH_CF_hit_at_corresponding_peak,block,current_request_chunk_count,478,10,10,0,46.49820165094339,64.0,33.42519162735849,64.0,6.0,64.0,unit means summarize within request/block clusters; descriptive only
BC05_HIGH_CF_hit_at_corresponding_peak,block,cache_occupancy_fraction_at_request_start,478,10,10,0,0.9996668887408399,0.9996668887408401,0.9996668887408398,0.9996668887408401,0.9996668887408394,0.9996668887408401,unit means summarize within request/block clusters; descriptive only
BC05_HIGH_CF_hit_at_corresponding_peak,block,evaluation_write_budget_fraction_before_request,478,10,10,0,0.3978451029039002,0.39886775453671347,0.39752808762127606,0.39917871862624477,0.393583045901661,0.39971492156981375,unit means summarize within request/block clusters; descriptive only
BC05_HIGH_CF_hit_at_corresponding_peak,block,last_completed_total_get_dt_pct,478,10,10,0,16.80432385314931,16.592104544261936,16.347341642912543,19.00506590548866,12.990453633811606,19.00506590548866,unit means summarize within request/block clusters; descriptive only
BC05_HIGH_CF_hit_at_corresponding_peak,block,last_completed_demand_read_dt_pct,478,10,10,0,16.616183652018336,16.560032156566056,16.147090132383642,18.6329489896349,12.970250650478038,18.632948989634908,unit means summarize within request/block clusters; descriptive only
BC05_HIGH_CF_hit_at_corresponding_peak,block,last_completed_extra_prefetch_dt_pct,478,10,10,0,0.18814020113160215,0.1441918029187158,0.03207238769665089,0.3721169158546307,0.020202983333382676,0.3721169158546308,unit means summarize within request/block clusters; descriptive only
BC05_HIGH_CF_hit_at_corresponding_peak,block,last_completed_put_dt_pct,478,10,10,0,7.6788270690589,7.820114074910745,6.0605090866764,9.492645274693768,4.40939918588513,9.49264527469377,unit means summarize within request/block clusters; descriptive only
BC05_HIGH_CF_hit_at_corresponding_peak,block,last_completed_writes,478,10,10,0,253.2,276.0,228.0,292.5,110.0,298.0,unit means summarize within request/block clusters; descriptive only
BC05_HIGH_CF_hit_at_corresponding_peak,block,last_completed_evictions,478,10,10,0,253.2,276.0,228.0,292.5,110.0,298.0,unit means summarize within request/block clusters; descriptive only
BC05_HIGH_CF_hit_at_corresponding_peak,block,last_six_mean_total_get_dt_pct,478,10,10,0,15.74995391337655,15.918383513285194,15.724026324870168,16.191901446264893,14.65877110672591,16.191901446264904,unit means summarize within request/block clusters; descriptive only
BC05_HIGH_CF_hit_at_corresponding_peak,block,last_six_max_total_get_dt_pct,478,10,10,0,18.020401346761656,17.363958307610325,17.363958307610325,19.00506590548866,17.363958307610304,19.00506590548866,unit means summarize within request/block clusters; descriptive only
BC05_HIGH_CF_evicted_before_corresponding_peak,candidate_chunk_event,prior_block_get_count,1011,1011,1011,0,7.840751730959446,,,,0.0,29.0,candidate/chunk events are clustered; descriptive only
BC05_HIGH_CF_evicted_before_corresponding_peak,candidate_chunk_event,seconds_since_block_last_get,1011,1011,806,205,8335.217511378505,,,,0.1295480728149414,177010.58324098587,candidate/chunk events are clustered; descriptive only
BC05_HIGH_CF_evicted_before_corresponding_peak,candidate_chunk_event,prior_chunk_get_count,1011,1011,1011,0,7.52917903066271,,,,0.0,29.0,candidate/chunk events are clustered; descriptive only
BC05_HIGH_CF_evicted_before_corresponding_peak,candidate_chunk_event,seconds_since_chunk_last_get,1011,1011,764,247,9198.470906589044,,,,2.8706259727478027,177010.58324098587,candidate/chunk events are clustered; descriptive only
BC05_HIGH_CF_evicted_before_corresponding_peak,candidate_chunk_event,prior_actual_rejection_count,1011,1011,1011,0,7.52917903066271,,,,0.0,29.0,candidate/chunk events are clustered; descriptive only
BC05_HIGH_CF_evicted_before_corresponding_peak,candidate_chunk_event,seconds_since_latest_actual_rejection,1011,1011,764,247,9198.470906589044,,,,2.8706259727478027,177010.58324098587,candidate/chunk events are clustered; descriptive only
BC05_HIGH_CF_evicted_before_corresponding_peak,candidate_chunk_event,current_request_chunk_count,1011,1011,1011,0,56.59149357072206,,,,8.0,64.0,candidate/chunk events are clustered; descriptive only
BC05_HIGH_CF_evicted_before_corresponding_peak,candidate_chunk_event,cache_occupancy_fraction_at_request_start,1011,1011,1011,0,0.999666888740853,,,,0.9996668887408394,0.9996668887408394,candidate/chunk events are clustered; descriptive only
BC05_HIGH_CF_evicted_before_corresponding_peak,candidate_chunk_event,evaluation_write_budget_fraction_before_request,1011,1011,1011,0,0.32613134283862305,,,,0.0024608185247191237,0.39401335296609313,candidate/chunk events are clustered; descriptive only
BC05_HIGH_CF_evicted_before_corresponding_peak,candidate_chunk_event,last_completed_total_get_dt_pct,1011,1011,1011,0,14.240073536670542,,,,7.8550294454222245,22.3250986968788,candidate/chunk events are clustered; descriptive only
BC05_HIGH_CF_evicted_before_corresponding_peak,candidate_chunk_event,last_completed_demand_read_dt_pct,1011,1011,1011,0,14.151433145148477,,,,7.568982975578552,22.18580138211913,candidate/chunk events are clustered; descriptive only
BC05_HIGH_CF_evicted_before_corresponding_peak,candidate_chunk_event,last_completed_extra_prefetch_dt_pct,1011,1011,1011,0,0.08864039152213501,,,,0.0,0.3417623432189194,candidate/chunk events are clustered; descriptive only
BC05_HIGH_CF_evicted_before_corresponding_peak,candidate_chunk_event,last_completed_put_dt_pct,1011,1011,1011,0,4.519869927950208,,,,1.3197994086492728,8.678178896459883,candidate/chunk events are clustered; descriptive only
BC05_HIGH_CF_evicted_before_corresponding_peak,candidate_chunk_event,last_completed_writes,1011,1011,1011,0,155.40850642927794,,,,32.0,341.0,candidate/chunk events are clustered; descriptive only
BC05_HIGH_CF_evicted_before_corresponding_peak,candidate_chunk_event,last_completed_evictions,1011,1011,1011,0,155.40850642927794,,,,32.0,341.0,candidate/chunk events are clustered; descriptive only
BC05_HIGH_CF_evicted_before_corresponding_peak,candidate_chunk_event,last_six_mean_total_get_dt_pct,1011,1011,1011,0,13.883345948019114,,,,11.614495999317967,17.088021209502248,candidate/chunk events are clustered; descriptive only
BC05_HIGH_CF_evicted_before_corresponding_peak,candidate_chunk_event,last_six_max_total_get_dt_pct,1011,1011,1011,0,16.91437318155903,,,,14.041957250910766,22.990403249622585,candidate/chunk events are clustered; descriptive only
BC05_HIGH_CF_evicted_before_corresponding_peak,request,prior_block_get_count,1011,24,24,0,6.333333333333333,3.0,1.0,8.0,0.0,29.0,unit means summarize within request/block clusters; descriptive only
BC05_HIGH_CF_evicted_before_corresponding_peak,request,seconds_since_block_last_get,1011,24,20,205,14639.36053545475,4703.272751450539,1378.9439119696617,9589.448513269424,0.1295480728149414,177010.58324098587,unit means summarize within request/block clusters; descriptive only
BC05_HIGH_CF_evicted_before_corresponding_peak,request,prior_chunk_get_count,1011,24,24,0,5.764793417366946,2.5,1.0,7.0,0.0,29.0,unit means summarize within request/block clusters; descriptive only
BC05_HIGH_CF_evicted_before_corresponding_peak,request,seconds_since_chunk_last_get,1011,24,20,247,15053.980126361905,5133.261103709539,1518.4131903648376,9589.448513269424,6.351500034332275,177010.58324098587,unit means summarize within request/block clusters; descriptive only
BC05_HIGH_CF_evicted_before_corresponding_peak,request,prior_actual_rejection_count,1011,24,24,0,5.764793417366946,2.5,1.0,7.0,0.0,29.0,unit means summarize within request/block clusters; descriptive only
BC05_HIGH_CF_evicted_before_corresponding_peak,request,seconds_since_latest_actual_rejection,1011,24,20,247,15053.980126361905,5133.261103709539,1518.4131903648376,9589.448513269424,6.351500034332275,177010.58324098587,unit means summarize within request/block clusters; descriptive only
BC05_HIGH_CF_evicted_before_corresponding_peak,request,current_request_chunk_count,1011,24,24,0,45.583333333333336,63.0,16.5,64.0,8.0,64.0,unit means summarize within request/block clusters; descriptive only
BC05_HIGH_CF_evicted_before_corresponding_peak,request,cache_occupancy_fraction_at_request_start,1011,24,24,0,0.9996668887408399,0.99966688874084,0.9996668887408394,0.9996668887408401,0.9996668887408391,0.9996668887408401,unit means summarize within request/block clusters; descriptive only
BC05_HIGH_CF_evicted_before_corresponding_peak,request,evaluation_write_budget_fraction_before_request,1011,24,24,0,0.3181708924165103,0.36549542462566637,0.25649998991467804,0.3839465209001485,0.002460818524719122,0.394013352966093,unit means summarize within request/block clusters; descriptive only
BC05_HIGH_CF_evicted_before_corresponding_peak,request,last_completed_total_get_dt_pct,1011,24,24,0,14.357240701277824,14.54912254762997,12.614826950291787,16.198781739724957,7.855029445422222,22.3250986968788,unit means summarize within request/block clusters; descriptive only
BC05_HIGH_CF_evicted_before_corresponding_peak,request,last_completed_demand_read_dt_pct,1011,24,24,0,14.259329851340745,14.496890919821452,12.614826950291787,16.198781739724957,7.5689829755785505,22.185801382119127,unit means summarize within request/block clusters; descriptive only
BC05_HIGH_CF_evicted_before_corresponding_peak,request,last_completed_extra_prefetch_dt_pct,1011,24,24,0,0.0979108499369608,0.0650090718486229,0.0,0.1800157830985494,0.0,0.34176234321891935,unit means summarize within request/block clusters; descriptive only
BC05_HIGH_CF_evicted_before_corresponding_peak,request,last_completed_put_dt_pct,1011,24,24,0,4.545297092892671,4.085733043489615,3.323349495589892,6.033476484363618,1.3197994086492726,8.678178896459883,unit means summarize within request/block clusters; descriptive only
BC05_HIGH_CF_evicted_before_corresponding_peak,request,last_completed_writes,1011,24,24,0,154.70833333333334,131.0,103.75,210.5,32.0,341.0,unit means summarize within request/block clusters; descriptive only
BC05_HIGH_CF_evicted_before_corresponding_peak,request,last_completed_evictions,1011,24,24,0,154.70833333333334,131.0,103.75,210.5,32.0,341.0,unit means summarize within request/block clusters; descriptive only
BC05_HIGH_CF_evicted_before_corresponding_peak,request,last_six_mean_total_get_dt_pct,1011,24,24,0,14.05382890711068,13.934242815167181,12.79174040923057,15.046616163270356,11.614495999317974,17.088021209502248,unit means summarize within request/block clusters; descriptive only
BC05_HIGH_CF_evicted_before_corresponding_peak,request,last_six_max_total_get_dt_pct,1011,24,24,0,17.393065143587496,17.357218183807433,16.18192613423573,18.49640809353865,14.04195725091075,22.99040324962259,unit means summarize within request/block clusters; descriptive only
BC05_HIGH_CF_evicted_before_corresponding_peak,block,prior_block_get_count,1011,23,23,0,6.341614906832298,2.0,1.0,9.0,0.0,29.0,unit means summarize within request/block clusters; descriptive only
BC05_HIGH_CF_evicted_before_corresponding_peak,block,seconds_since_block_last_get,1011,23,19,205,15097.848173453396,4678.640123128891,1300.6013349294662,9608.317527532578,0.1295480728149414,177010.58324098587,unit means summarize within request/block clusters; descriptive only
BC05_HIGH_CF_evicted_before_corresponding_peak,block,prior_chunk_get_count,1011,23,23,0,5.8844102858534715,2.0,1.0,7.0,0.0,29.0,unit means summarize within request/block clusters; descriptive only
BC05_HIGH_CF_evicted_before_corresponding_peak,block,seconds_since_chunk_last_get,1011,23,19,247,15483.388218040924,4727.905379772186,1498.4856436252594,9608.317527532578,6.351500034332275,177010.58324098587,unit means summarize within request/block clusters; descriptive only
BC05_HIGH_CF_evicted_before_corresponding_peak,block,prior_actual_rejection_count,1011,23,23,0,5.8844102858534715,2.0,1.0,7.0,0.0,29.0,unit means summarize within request/block clusters; descriptive only
BC05_HIGH_CF_evicted_before_corresponding_peak,block,seconds_since_latest_actual_rejection,1011,23,19,247,15483.388218040924,4727.905379772186,1498.4856436252594,9608.317527532578,6.351500034332275,177010.58324098587,unit means summarize within request/block clusters; descriptive only
BC05_HIGH_CF_evicted_before_corresponding_peak,block,current_request_chunk_count,1011,23,23,0,47.006211180124225,64.0,23.0,64.0,8.0,64.0,unit means summarize within request/block clusters; descriptive only
BC05_HIGH_CF_evicted_before_corresponding_peak,block,cache_occupancy_fraction_at_request_start,1011,23,23,0,0.99966688874084,0.9996668887408401,0.9996668887408394,0.9996668887408401,0.9996668887408391,0.9996668887408401,unit means summarize within request/block clusters; descriptive only
BC05_HIGH_CF_evicted_before_corresponding_peak,block,evaluation_write_budget_fraction_before_request,1011,23,23,0,0.31573927016764725,0.36183445280405563,0.25495021212793556,0.3848323483335685,0.002460818524719122,0.394013352966093,unit means summarize within request/block clusters; descriptive only
BC05_HIGH_CF_evicted_before_corresponding_peak,block,last_completed_total_get_dt_pct,1011,23,23,0,14.277173699606207,14.13800880140231,12.479857744813103,16.165070528746504,7.855029445422222,22.3250986968788,unit means summarize within request/block clusters; descriptive only
BC05_HIGH_CF_evicted_before_corresponding_peak,block,last_completed_demand_read_dt_pct,1011,23,23,0,14.175005856193604,14.033545545785271,12.479857744813103,16.12648101458055,7.5689829755785505,22.185801382119127,unit means summarize within request/block clusters; descriptive only
BC05_HIGH_CF_evicted_before_corresponding_peak,block,last_completed_extra_prefetch_dt_pct,1011,23,23,0,0.10216784341248081,0.07717902833120042,0.0,0.18052100275734068,0.0,0.34176234321891935,unit means summarize within request/block clusters; descriptive only
BC05_HIGH_CF_evicted_before_corresponding_peak,block,last_completed_put_dt_pct,1011,23,23,0,4.685536122642384,4.195204166337758,3.3923126698007415,6.160564136733034,1.3197994086492735,8.678178896459883,unit means summarize within request/block clusters; descriptive only
BC05_HIGH_CF_evicted_before_corresponding_peak,block,last_completed_writes,1011,23,23,0,158.6086956521739,131.0,108.5,211.0,32.0,341.0,unit means summarize within request/block clusters; descriptive only
BC05_HIGH_CF_evicted_before_corresponding_peak,block,last_completed_evictions,1011,23,23,0,158.6086956521739,131.0,108.5,211.0,32.0,341.0,unit means summarize within request/block clusters; descriptive only
BC05_HIGH_CF_evicted_before_corresponding_peak,block,last_six_mean_total_get_dt_pct,1011,23,23,0,14.013513585978583,13.790368727302425,12.786360601405736,15.112151033391758,11.614495999317974,17.088021209502248,unit means summarize within request/block clusters; descriptive only
BC05_HIGH_CF_evicted_before_corresponding_peak,block,last_six_max_total_get_dt_pct,1011,23,23,0,17.364424897813326,17.35047806000455,16.165070528746504,18.662773731965714,14.04195725091075,22.99040324962259,unit means summarize within request/block clusters; descriptive only
