slice,method,candidate_pool_requests,candidate_pool_chunks,candidate_pool_future_repeat_chunks,target_selected_chunks,selected_requests,selected_chunks,selected_fraction_pct,selection_boundary_delta_chunks,selected_future_repeat_chunks,selected_repeat_yield_pct,scaled_repeat_capture_at_exact_target_chunks,fraction_of_pool_future_repeats_captured_pct,strongest_other_by_normalized_capture,new_gain_vs_strongest_other_pct,strongest_other_by_raw_capture,new_beats_strongest_other_raw_capture
EVAL-ALL,AUTHOR-SCORE,56749,1942508,710509,19426,1195,19427,1.0000988412917733,1,13615,70.08287435013126,13614.2991712565,1.9162318844659252,OLD,-9.606984112938344,OLD,False
EVAL-ALL,RECENCY,56749,1942508,710509,19426,1993,19432,1.0003562404890998,6,6076,31.26801152737752,6074.1239193083575,0.8551615813452046,OLD,-9.606984112938344,OLD,False
EVAL-ALL,OLD,56749,1942508,710509,19426,1385,19437,1.000613639686426,11,13773,70.85970057107578,13765.20543293718,1.938469463440998,OLD,-9.606984112938344,OLD,False
EVAL-ALL,NEW,56749,1942508,710509,19426,994,19456,1.0015917566362662,30,12462,64.05222039473685,12442.78433388158,1.753953855616185,OLD,-9.606984112938344,OLD,False
EVAL-FIRST-HALF,AUTHOR-SCORE,26854,883583,289744,8836,601,8842,1.0006982931993937,6,6205,70.17643067179371,6200.789414159693,2.1415456402893587,AUTHOR-SCORE,-6.576411274804672,AUTHOR-SCORE,False
EVAL-FIRST-HALF,RECENCY,26854,883583,289744,8836,871,8836,1.00001923984504,0,2734,30.94160253508375,2734.0000000000005,0.9435915842951019,AUTHOR-SCORE,-6.576411274804672,AUTHOR-SCORE,False
EVAL-FIRST-HALF,OLD,26854,883583,289744,8836,664,8853,1.0019432243490425,17,6160,69.58093301705637,6148.171241387101,2.126014688828759,AUTHOR-SCORE,-6.576411274804672,AUTHOR-SCORE,False
EVAL-FIRST-HALF,NEW,26854,883583,289744,8836,431,8836,1.00001923984504,0,5793,65.56133997283838,5793.0,1.9993511513612017,AUTHOR-SCORE,-6.576411274804672,AUTHOR-SCORE,False
EVAL-SECOND-HALF,AUTHOR-SCORE,29895,1058925,420765,10590,596,10592,1.000259697334561,2,7373,69.60913897280967,7371.607817220544,1.7522845293691254,OLD,-11.330158256975299,OLD,False
EVAL-SECOND-HALF,RECENCY,29895,1058925,420765,10590,1123,10577,0.9988431664187738,-13,3320,31.388862626453623,3324.0805521414386,0.7890390122752605,OLD,-11.330158256975299,OLD,False
EVAL-SECOND-HALF,OLD,29895,1058925,420765,10590,767,10597,1.0007318743064901,7,7730,72.94517316221572,7724.893837878645,1.8371299894240254,OLD,-11.330158256975299,OLD,False
EVAL-SECOND-HALF,NEW,29895,1058925,420765,10590,601,10606,1.0015817928559625,16,6860,64.68036960211201,6849.651140863662,1.630363742231412,OLD,-11.330158256975299,OLD,False
