week,action_step,rule,pool_size,queries,full_has_valid,has_valid,full_best_rho,shortlist_best_rho,rho_excess,near_best,reward_best_recall,source_forecast_s_subset,fallback_full_queries_if_none
2035-01-29_4,521,ALL,641,641,True,True,0.8220757842063904,0.8220757842063904,0.0,True,True,1.6990118999983679,641
2035-01-29_4,521,ZONE,641,162,True,True,0.8220757842063904,0.8220757842063904,0.0,True,True,0.43159859999832406,162
2035-01-29_4,521,LOCAL32,641,32,True,True,0.8220757842063904,0.920914888381958,0.09883910417556763,False,False,0.08507380000082776,32
2035-01-29_4,521,RANDOM32,641,32,True,True,0.8220757842063904,0.9577123522758484,0.135636568069458,False,False,0.08589590000337921,32
2035-01-29_4,521,PREFIX32,641,32,True,True,0.8220757842063904,0.9234867095947266,0.10141092538833618,False,False,0.08630359999551729,32
2035-01-29_4,521,LOCAL128,641,128,True,True,0.8220757842063904,0.8220757842063904,0.0,True,True,0.3405087999890384,128
2035-01-29_4,521,RANDOM128,641,128,True,True,0.8220757842063904,0.9577123522758484,0.135636568069458,False,False,0.34071669999502774,128
2035-01-29_4,521,PREFIX128,641,128,True,True,0.8220757842063904,0.9234867095947266,0.10141092538833618,False,False,0.3398474999867176,128
2035-01-29_4,533,ALL,909,909,True,True,0.8808304667472839,0.8808304667472839,0.0,True,True,2.4512948999927175,909
2035-01-29_4,533,ZONE,909,430,True,True,0.8808304667472839,0.8808304667472839,0.0,True,True,1.1702914999877976,430
2035-01-29_4,533,LOCAL32,909,32,True,True,0.8808304667472839,0.892084538936615,0.011254072189331055,False,False,0.08873299999868323,32
2035-01-29_4,533,RANDOM32,909,32,True,True,0.8808304667472839,0.9019970893859863,0.021166622638702393,False,False,0.0861914999968576,32
2035-01-29_4,533,PREFIX32,909,32,True,True,0.8808304667472839,0.9244142174720764,0.04358375072479248,False,False,0.08685379999769793,32
2035-01-29_4,533,LOCAL128,909,128,True,True,0.8808304667472839,0.8808304667472839,0.0,True,True,0.3515894999891316,128
2035-01-29_4,533,RANDOM128,909,128,True,True,0.8808304667472839,0.8911945819854736,0.010364115238189697,False,False,0.34400629999618104,128
2035-01-29_4,533,PREFIX128,909,128,True,True,0.8808304667472839,0.8856198191642761,0.0047893524169921875,True,False,0.34507440000015777,128
2035-01-29_4,541,ALL,909,909,True,True,0.8700044751167297,0.8700044751167297,0.0,True,True,2.434955099957733,909
2035-01-29_4,541,ZONE,909,430,True,True,0.8700044751167297,0.8700044751167297,0.0,True,True,1.1617243999953644,430
2035-01-29_4,541,LOCAL32,909,32,True,True,0.8700044751167297,0.8812024593353271,0.011197984218597412,False,False,0.08512169999630714,32
2035-01-29_4,541,RANDOM32,909,32,True,True,0.8700044751167297,0.8923319578170776,0.0223274827003479,False,False,0.08543060000010883,32
2035-01-29_4,541,PREFIX32,909,32,True,False,0.8700044751167297,,,False,False,0.08502860000226065,909
2035-01-29_4,541,LOCAL128,909,128,True,True,0.8700044751167297,0.8812024593353271,0.011197984218597412,False,False,0.3485807999932149,128
2035-01-29_4,541,RANDOM128,909,128,True,True,0.8700044751167297,0.8759210109710693,0.0059165358543396,True,False,0.3403454999879614,128
2035-01-29_4,541,PREFIX128,909,128,True,True,0.8700044751167297,0.8812024593353271,0.011197984218597412,False,False,0.33936379999613564,128
2035-01-29_4,549,ALL,909,909,True,True,0.7475308179855347,0.7475308179855347,0.0,True,True,2.4448081999853457,909
2035-01-29_4,549,ZONE,909,430,True,True,0.7475308179855347,0.7475308179855347,0.0,True,True,1.166060399991693,430
2035-01-29_4,549,LOCAL32,909,32,True,True,0.7475308179855347,0.7475308179855347,0.0,True,True,0.08624950000012177,32
2035-01-29_4,549,RANDOM32,909,32,True,True,0.7475308179855347,0.9943677186965942,0.24683690071105957,False,False,0.08601249999810534,32
2035-01-29_4,549,PREFIX32,909,32,True,True,0.7475308179855347,0.9803497791290283,0.23281896114349365,False,False,0.08646579999913229,32
2035-01-29_4,549,LOCAL128,909,128,True,True,0.7475308179855347,0.7475308179855347,0.0,True,True,0.34011489999465994,128
2035-01-29_4,549,RANDOM128,909,128,True,True,0.7475308179855347,0.8336702585220337,0.08613944053649902,False,False,0.3441344000038953,128
2035-01-29_4,549,PREFIX128,909,128,True,True,0.7475308179855347,0.891179084777832,0.14364826679229736,False,False,0.34472459999960847,128
2035-01-29_4,1494,ALL,909,909,True,True,0.8818285465240479,0.8818285465240479,0.0,True,True,2.3500379000142857,909
2035-01-29_4,1494,ZONE,909,430,True,True,0.8818285465240479,0.8818285465240479,0.0,True,True,1.1159796000138158,430
2035-01-29_4,1494,LOCAL32,909,32,True,True,0.8818285465240479,0.8910112977027893,0.009182751178741455,True,False,0.08228359999520762,32
2035-01-29_4,1494,RANDOM32,909,32,True,True,0.8818285465240479,0.8870401978492737,0.00521165132522583,True,False,0.08194920000823913,32
2035-01-29_4,1494,PREFIX32,909,32,True,True,0.8818285465240479,0.8854383230209351,0.003609776496887207,True,False,0.0834882999988622,32
2035-01-29_4,1494,LOCAL128,909,128,True,True,0.8818285465240479,0.882818877696991,0.0009903311729431152,True,False,0.3319770000089193,128
2035-01-29_4,1494,RANDOM128,909,128,True,True,0.8818285465240479,0.8818821310997009,5.358457565307617e-05,True,False,0.3323625999983051,128
2035-01-29_4,1494,PREFIX128,909,128,True,True,0.8818285465240479,0.8854383230209351,0.003609776496887207,True,False,0.33129950000875397,128
2035-01-29_4,1716,ALL,909,909,False,False,,,,False,False,2.39189979998082,909
2035-01-29_4,1716,ZONE,909,268,False,False,,,,False,False,0.7038622999898507,268
2035-01-29_4,1716,LOCAL32,909,32,False,False,,,,False,False,0.0838188000034279,32
2035-01-29_4,1716,RANDOM32,909,32,False,False,,,,False,False,0.08328979999896546,32
2035-01-29_4,1716,PREFIX32,909,32,False,False,,,,False,False,0.08414839999750257,32
2035-01-29_4,1716,LOCAL128,909,128,False,False,,,,False,False,0.3369760000041424,128
2035-01-29_4,1716,RANDOM128,909,128,False,False,,,,False,False,0.3374633999846992,128
2035-01-29_4,1716,PREFIX128,909,128,False,False,,,,False,False,0.33572999999341846,128
2035-01-29_4,1717,ALL,909,909,False,False,,,,False,False,2.695131800024683,909
2035-01-29_4,1717,ZONE,909,268,False,False,,,,False,False,0.7929235000083281,268
2035-01-29_4,1717,LOCAL32,909,32,False,False,,,,False,False,0.0947796999989805,32
2035-01-29_4,1717,RANDOM32,909,32,False,False,,,,False,False,0.09546760000557697,32
2035-01-29_4,1717,PREFIX32,909,32,False,False,,,,False,False,0.09494870000344235,32
2035-01-29_4,1717,LOCAL128,909,128,False,False,,,,False,False,0.37976070000513573,128
2035-01-29_4,1717,RANDOM128,909,128,False,False,,,,False,False,0.37962560001324164,128
2035-01-29_4,1717,PREFIX128,909,128,False,False,,,,False,False,0.3768728000068222,128
2035-01-29_4,1719,ALL,902,902,False,False,,,,False,False,2.6632363999960944,902
2035-01-29_4,1719,ZONE,902,268,False,False,,,,False,False,0.7936212999939016,268
2035-01-29_4,1719,LOCAL32,902,32,False,False,,,,False,False,0.09411429999272514,32
2035-01-29_4,1719,RANDOM32,902,32,False,False,,,,False,False,0.09494650000306137,32
2035-01-29_4,1719,PREFIX32,902,32,False,False,,,,False,False,0.09463329999925918,32
2035-01-29_4,1719,LOCAL128,902,128,False,False,,,,False,False,0.3755395000007411,128
2035-01-29_4,1719,RANDOM128,902,128,False,False,,,,False,False,0.3777570000002015,128
2035-01-29_4,1719,PREFIX128,902,128,False,False,,,,False,False,0.37798339999790187,128
2035-04-16_2,111,ALL,909,909,True,True,0.7928214073181152,0.7928214073181152,0.0,True,True,1.91954150003221,909
2035-04-16_2,111,ZONE,909,268,True,True,0.7928214073181152,0.7928214073181152,0.0,True,True,0.5645822000096814,268
2035-04-16_2,111,LOCAL32,909,32,True,True,0.7928214073181152,0.7928214073181152,0.0,True,True,0.06743969999843102,32
2035-04-16_2,111,RANDOM32,909,32,True,True,0.7928214073181152,0.7928214073181152,0.0,True,True,0.06719779999730235,32
2035-04-16_2,111,PREFIX32,909,32,True,True,0.7928214073181152,0.8119679689407349,0.01914656162261963,False,False,0.0686498999948526,32
2035-04-16_2,111,LOCAL128,909,128,True,True,0.7928214073181152,0.7928214073181152,0.0,True,True,0.2701398999979574,128
2035-04-16_2,111,RANDOM128,909,128,True,True,0.7928214073181152,0.7928214073181152,0.0,True,True,0.26968710000983265,128
2035-04-16_2,111,PREFIX128,909,128,True,True,0.7928214073181152,0.7928214073181152,0.0,True,True,0.2707795999940572,128
2035-04-16_2,399,ALL,909,909,True,True,0.9897792935371399,0.9897792935371399,0.0,True,True,2.3698150000309397,909
2035-04-16_2,399,ZONE,909,430,True,True,0.9897792935371399,1.000918984413147,0.01113969087600708,False,False,1.1316026000004058,430
2035-04-16_2,399,LOCAL32,909,32,True,False,0.9897792935371399,,,False,False,0.08449280000058934,909
2035-04-16_2,399,RANDOM32,909,32,True,False,0.9897792935371399,,,False,False,0.0833359000080236,909
2035-04-16_2,399,PREFIX32,909,32,True,False,0.9897792935371399,,,False,False,0.08251570000720676,909
2035-04-16_2,399,LOCAL128,909,128,True,True,0.9897792935371399,1.005452036857605,0.015672743320465088,False,False,0.34237799999937124,128
2035-04-16_2,399,RANDOM128,909,128,True,True,0.9897792935371399,1.000918984413147,0.01113969087600708,False,False,0.33590030000596016,128
2035-04-16_2,399,PREFIX128,909,128,True,True,0.9897792935371399,0.9897792935371399,0.0,True,True,0.33090210000955267,128
2035-04-16_2,520,ALL,909,909,True,True,0.7677128314971924,0.7677128314971924,0.0,True,True,2.3360659999743802,909
2035-04-16_2,520,ZONE,909,430,True,True,0.7677128314971924,0.8573979139328003,0.08968508243560791,False,False,1.1064209999985906,430
2035-04-16_2,520,LOCAL32,909,32,True,True,0.7677128314971924,0.8741773366928101,0.10646450519561768,False,False,0.08159350000460108,32
2035-04-16_2,520,RANDOM32,909,32,True,True,0.7677128314971924,0.7677133679389954,5.364418029785156e-07,True,True,0.08212300001287076,32
2035-04-16_2,520,PREFIX32,909,32,True,True,0.7677128314971924,0.767713189125061,3.5762786865234375e-07,True,True,0.0829998000026535,32
2035-04-16_2,520,LOCAL128,909,128,True,True,0.7677128314971924,0.8741773366928101,0.10646450519561768,False,False,0.3276755000024423,128
2035-04-16_2,520,RANDOM128,909,128,True,True,0.7677128314971924,0.7677133679389954,5.364418029785156e-07,True,True,0.3288967000116827,128
2035-04-16_2,520,PREFIX128,909,128,True,True,0.7677128314971924,0.767713189125061,3.5762786865234375e-07,True,True,0.32913790000566223,128
2035-04-16_2,537,ALL,909,909,True,True,0.8247206211090088,0.8247206211090088,0.0,True,True,2.3253941000366467,909
2035-04-16_2,537,ZONE,909,430,True,True,0.8247206211090088,0.8247206211090088,0.0,True,True,1.1003797000157647,430
2035-04-16_2,537,LOCAL32,909,32,True,True,0.8247206211090088,0.8266106247901917,0.0018900036811828613,True,False,0.08146970000234433,32
2035-04-16_2,537,RANDOM32,909,32,True,True,0.8247206211090088,0.8258034586906433,0.0010828375816345215,True,False,0.08237689999623399,32
2035-04-16_2,537,PREFIX32,909,32,True,True,0.8247206211090088,0.8247206211090088,0.0,True,True,0.08255180000014661,32
2035-04-16_2,537,LOCAL128,909,128,True,True,0.8247206211090088,0.8247206211090088,0.0,True,True,0.32889570000952517,128
2035-04-16_2,537,RANDOM128,909,128,True,True,0.8247206211090088,0.825160801410675,0.00044018030166625977,True,False,0.3282617000040773,128
2035-04-16_2,537,PREFIX128,909,128,True,True,0.8247206211090088,0.8247206211090088,0.0,True,True,0.32720579999840993,128
2035-04-16_2,690,ALL,909,909,True,True,0.8152494430541992,0.8152494430541992,0.0,True,True,2.359885600029884,909
2035-04-16_2,690,ZONE,909,268,True,True,0.8152494430541992,0.8152494430541992,0.0,True,True,0.6911436999980651,268
2035-04-16_2,690,LOCAL32,909,32,True,True,0.8152494430541992,0.8152494430541992,0.0,True,True,0.0825388000030216,32
2035-04-16_2,690,RANDOM32,909,32,True,True,0.8152494430541992,0.8154811263084412,0.00023168325424194336,True,False,0.08362360000319313,32
2035-04-16_2,690,PREFIX32,909,32,True,True,0.8152494430541992,0.8152494430541992,0.0,True,True,0.0830854000068939,32
2035-04-16_2,690,LOCAL128,909,128,True,True,0.8152494430541992,0.8152494430541992,0.0,True,True,0.3301190999936807,128
2035-04-16_2,690,RANDOM128,909,128,True,True,0.8152494430541992,0.8154811263084412,0.00023168325424194336,True,False,0.3315403000033257,128
2035-04-16_2,690,PREFIX128,909,128,True,True,0.8152494430541992,0.8152494430541992,0.0,True,True,0.3302852000215353,128
2035-04-16_2,987,ALL,909,909,True,True,0.9607469439506531,0.9607469439506531,0.0,True,True,2.3569749999915075,909
2035-04-16_2,987,ZONE,909,268,True,True,0.9607469439506531,0.9607469439506531,0.0,True,True,0.690510299993548,268
2035-04-16_2,987,LOCAL32,909,32,True,True,0.9607469439506531,0.9607469439506531,0.0,True,True,0.08213289999548579,32
2035-04-16_2,987,RANDOM32,909,32,True,True,0.9607469439506531,0.9734108448028564,0.01266390085220337,False,False,0.08280820000072708,32
2035-04-16_2,987,PREFIX32,909,32,True,True,0.9607469439506531,0.9607469439506531,0.0,True,True,0.08397540000260051,32
2035-04-16_2,987,LOCAL128,909,128,True,True,0.9607469439506531,0.9607469439506531,0.0,True,True,0.33132069999555824,128
2035-04-16_2,987,RANDOM128,909,128,True,True,0.9607469439506531,0.9607469439506531,0.0,True,True,0.329581900001358,128
2035-04-16_2,987,PREFIX128,909,128,True,True,0.9607469439506531,0.9607469439506531,0.0,True,True,0.33346869999877526,128
2035-07-23_10,548,ALL,909,909,True,True,0.7540967464447021,0.7540967464447021,0.0,True,True,1.9443058999931964,909
2035-07-23_10,548,ZONE,909,430,True,True,0.7540967464447021,0.8225646018981934,0.06846785545349121,False,False,0.9207570999806194,430
2035-07-23_10,548,LOCAL32,909,32,True,True,0.7540967464447021,0.8236949443817139,0.06959819793701172,False,False,0.06746600000224134,32
2035-07-23_10,548,RANDOM32,909,32,True,True,0.7540967464447021,0.7873495221138,0.0332527756690979,False,False,0.06982670000797953,32
2035-07-23_10,548,PREFIX32,909,32,True,True,0.7540967464447021,0.7873495221138,0.0332527756690979,False,False,0.0690567000037845,32
2035-07-23_10,548,LOCAL128,909,128,True,True,0.7540967464447021,0.8231438994407654,0.06904715299606323,False,False,0.27317880000737205,128
2035-07-23_10,548,RANDOM128,909,128,True,True,0.7540967464447021,0.7873495221138,0.0332527756690979,False,False,0.27574790000289795,128
2035-07-23_10,548,PREFIX128,909,128,True,True,0.7540967464447021,0.7873495221138,0.0332527756690979,False,False,0.2738913000011962,128
2035-07-23_10,997,ALL,909,909,True,True,0.793931245803833,0.793931245803833,0.0,True,True,1.9582616000134294,909
2035-07-23_10,997,ZONE,909,268,True,True,0.793931245803833,0.793931245803833,0.0,True,True,0.5781863999982306,268
2035-07-23_10,997,LOCAL32,909,32,True,True,0.793931245803833,0.8697503805160522,0.07581913471221924,False,False,0.07101479999619187,32
2035-07-23_10,997,RANDOM32,909,32,True,True,0.793931245803833,0.7989457249641418,0.005014479160308838,True,False,0.06900599999971746,32
2035-07-23_10,997,PREFIX32,909,32,True,True,0.793931245803833,0.8752967119216919,0.08136546611785889,False,False,0.06901780000407598,32
2035-07-23_10,997,LOCAL128,909,128,True,True,0.793931245803833,0.793931245803833,0.0,True,True,0.27761589999681746,128
2035-07-23_10,997,RANDOM128,909,128,True,True,0.793931245803833,0.7989457249641418,0.005014479160308838,True,False,0.2768265999857249,128
2035-07-23_10,997,PREFIX128,909,128,True,True,0.793931245803833,0.8697503805160522,0.07581913471221924,False,False,0.27429220000885834,128
2035-07-23_10,1595,ALL,909,909,True,True,0.6386182308197021,0.6386182308197021,0.0,True,True,2.0571942000096897,909
2035-07-23_10,1595,ZONE,909,430,True,True,0.6386182308197021,0.6390354037284851,0.000417172908782959,True,False,0.8940829000148369,430
2035-07-23_10,1595,LOCAL32,909,32,True,True,0.6386182308197021,0.6390354037284851,0.000417172908782959,True,False,0.06651530000272032,32
2035-07-23_10,1595,RANDOM32,909,32,True,False,0.6386182308197021,,,False,False,0.0680091999911383,909
2035-07-23_10,1595,PREFIX32,909,32,True,True,0.6386182308197021,0.6424990296363831,0.003880798816680908,True,False,0.0677216000003682,32
2035-07-23_10,1595,LOCAL128,909,128,True,True,0.6386182308197021,0.6390354037284851,0.000417172908782959,True,False,0.26423720001912443,128
2035-07-23_10,1595,RANDOM128,909,128,True,True,0.6386182308197021,0.9629087448120117,0.32429051399230957,False,False,0.41679049997947004,128
2035-07-23_10,1595,PREFIX128,909,128,True,True,0.6386182308197021,0.6424990296363831,0.003880798816680908,True,False,0.2677280000025348,128
2035-07-23_10,1899,ALL,909,909,True,True,0.5108431577682495,0.5108431577682495,0.0,True,True,1.937280100024509,909
2035-07-23_10,1899,ZONE,909,430,True,True,0.5108431577682495,0.5373426079750061,0.026499450206756592,False,False,0.9200918000133242,430
2035-07-23_10,1899,LOCAL32,909,32,True,True,0.5108431577682495,0.5815368294715881,0.07069367170333862,False,False,0.0672837000056461,32
2035-07-23_10,1899,RANDOM32,909,32,True,True,0.5108431577682495,0.5947294235229492,0.08388626575469971,False,False,0.06872349999503058,32
2035-07-23_10,1899,PREFIX32,909,32,True,True,0.5108431577682495,0.5121577978134155,0.0013146400451660156,True,False,0.06905319999714266,32
2035-07-23_10,1899,LOCAL128,909,128,True,True,0.5108431577682495,0.5121577978134155,0.0013146400451660156,True,False,0.2705358000148408,128
2035-07-23_10,1899,RANDOM128,909,128,True,True,0.5108431577682495,0.559335470199585,0.04849231243133545,False,False,0.27215599998999096,128
2035-07-23_10,1899,PREFIX128,909,128,True,True,0.5108431577682495,0.5121577978134155,0.0013146400451660156,True,False,0.27324590000534954,128
2035-07-23_10,1900,ALL,860,860,True,True,0.9499969482421875,0.9499969482421875,0.0,True,True,1.8060531000228366,860
2035-07-23_10,1900,ZONE,860,430,True,True,0.9499969482421875,0.9499969482421875,0.0,True,True,0.906347200012533,430
2035-07-23_10,1900,LOCAL32,860,32,True,True,0.9499969482421875,0.9824012517929077,0.032404303550720215,False,False,0.06620069999917177,32
2035-07-23_10,1900,RANDOM32,860,32,True,False,0.9499969482421875,,,False,False,0.0671251999992819,860
2035-07-23_10,1900,PREFIX32,860,32,True,True,0.9499969482421875,0.9824012517929077,0.032404303550720215,False,False,0.06762160000289441,32
2035-07-23_10,1900,LOCAL128,860,128,True,True,0.9499969482421875,0.975142240524292,0.025145292282104492,False,False,0.26789410000310454,128
2035-07-23_10,1900,RANDOM128,860,128,True,True,0.9499969482421875,0.9649800062179565,0.014983057975769043,False,False,0.26948080000329355,128
2035-07-23_10,1900,PREFIX128,860,128,True,True,0.9499969482421875,0.9824012517929077,0.032404303550720215,False,False,0.2682494000018778,128
2035-10-29_15,27,ALL,909,909,True,True,0.9611048698425293,0.9611048698425293,0.0,True,True,1.912955099969622,909
2035-10-29_15,27,ZONE,909,211,True,True,0.9611048698425293,0.9611048698425293,0.0,True,True,0.44307389999812585,211
2035-10-29_15,27,LOCAL32,909,32,True,True,0.9611048698425293,0.9611048698425293,0.0,True,True,0.06768569999258034,32
2035-10-29_15,27,RANDOM32,909,32,True,True,0.9611048698425293,0.9975043535232544,0.0363994836807251,False,False,0.06720290000521345,32
2035-10-29_15,27,PREFIX32,909,32,True,True,0.9611048698425293,0.9611048698425293,0.0,True,True,0.0682431000041106,32
2035-10-29_15,27,LOCAL128,909,128,True,True,0.9611048698425293,0.9611048698425293,0.0,True,True,0.26863540000340436,128
2035-10-29_15,27,RANDOM128,909,128,True,True,0.9611048698425293,0.9809290766716003,0.019824206829071045,False,False,0.2690310000034515,128
2035-10-29_15,27,PREFIX128,909,128,True,True,0.9611048698425293,0.9611048698425293,0.0,True,True,0.270410199987964,128
2035-10-29_15,100,ALL,909,909,True,True,0.8230252265930176,0.8230252265930176,0.0,True,True,2.3660834999918734,909
2035-10-29_15,100,ZONE,909,268,True,True,0.8230252265930176,0.8448708653450012,0.021845638751983643,False,False,0.6971592000118108,268
2035-10-29_15,100,LOCAL32,909,32,True,True,0.8230252265930176,0.8461142182350159,0.02308899164199829,False,False,0.08353590000479016,32
2035-10-29_15,100,RANDOM32,909,32,True,True,0.8230252265930176,0.8236170411109924,0.0005918145179748535,True,False,0.08348179999848071,32
2035-10-29_15,100,PREFIX32,909,32,True,True,0.8230252265930176,0.8316821455955505,0.008656919002532959,True,False,0.08470630000374513,32
2035-10-29_15,100,LOCAL128,909,128,True,True,0.8230252265930176,0.8461123108863831,0.02308708429336548,False,False,0.3332349000083923,128
2035-10-29_15,100,RANDOM128,909,128,True,True,0.8230252265930176,0.8235882520675659,0.0005630254745483398,True,False,0.33155100000476523,128
2035-10-29_15,100,PREFIX128,909,128,True,True,0.8230252265930176,0.8234499096870422,0.0004246830940246582,True,False,0.3349280999991606,128
2035-10-29_15,101,ALL,863,863,True,True,1.0640321969985962,1.0640321969985962,0.0,True,True,2.197856399950979,863
2035-10-29_15,101,ZONE,863,268,True,True,1.0640321969985962,1.0640321969985962,0.0,True,True,0.6806072999879689,268
2035-10-29_15,101,LOCAL32,863,32,True,True,1.0640321969985962,1.0851178169250488,0.021085619926452637,False,False,0.08171929999480199,32
2035-10-29_15,101,RANDOM32,863,32,True,False,1.0640321969985962,,,False,False,0.08133059999818215,863
2035-10-29_15,101,PREFIX32,863,32,True,True,1.0640321969985962,1.1050951480865479,0.04106295108795166,False,False,0.08265389999360195,32
2035-10-29_15,101,LOCAL128,863,128,True,True,1.0640321969985962,1.0640321969985962,0.0,True,True,0.3236919999962993,128
2035-10-29_15,101,RANDOM128,863,128,True,True,1.0640321969985962,1.0998165607452393,0.035784363746643066,False,False,0.3260296999978891,128
2035-10-29_15,101,PREFIX128,863,128,True,True,1.0640321969985962,1.0851178169250488,0.021085619926452637,False,False,0.3275362999866047,128
2035-10-29_15,1062,ALL,909,909,True,True,0.9463537335395813,0.9463537335395813,0.0,True,True,2.3830838999692787,909
2035-10-29_15,1062,ZONE,909,430,True,True,0.9463537335395813,0.9463537335395813,0.0,True,True,1.126146399998106,430
2035-10-29_15,1062,LOCAL32,909,32,True,True,0.9463537335395813,0.9520206451416016,0.005666911602020264,True,False,0.08306889999039413,32
2035-10-29_15,1062,RANDOM32,909,32,True,True,0.9463537335395813,0.9485121965408325,0.0021584630012512207,True,False,0.08371639999859326,32
2035-10-29_15,1062,PREFIX32,909,32,True,True,0.9463537335395813,0.9494040012359619,0.0030502676963806152,True,False,0.08640919999561447,32
2035-10-29_15,1062,LOCAL128,909,128,True,True,0.9463537335395813,0.9464870691299438,0.00013333559036254883,True,False,0.3350348999938433,128
2035-10-29_15,1062,RANDOM128,909,128,True,True,0.9463537335395813,0.9485121965408325,0.0021584630012512207,True,False,0.33893009999337664,128
2035-10-29_15,1062,PREFIX128,909,128,True,True,0.9463537335395813,0.9464870691299438,0.00013333559036254883,True,False,0.3370635000010225,128
2035-10-29_15,1491,ALL,909,909,True,True,0.8714393973350525,0.8714393973350525,0.0,True,True,2.5789791000261175,909
2035-10-29_15,1491,ZONE,909,268,True,True,0.8714393973350525,0.8714393973350525,0.0,True,True,0.760981500005073,268
2035-10-29_15,1491,LOCAL32,909,32,True,True,0.8714393973350525,0.8719695806503296,0.0005301833152770996,True,False,0.09160049999991315,32
2035-10-29_15,1491,RANDOM32,909,32,True,True,0.8714393973350525,1.0089832544326782,0.13754385709762573,False,False,0.09021579999534879,32
2035-10-29_15,1491,PREFIX32,909,32,True,True,0.8714393973350525,0.8719695806503296,0.0005301833152770996,True,False,0.09153429999787477,32
2035-10-29_15,1491,LOCAL128,909,128,True,True,0.8714393973350525,0.8719695806503296,0.0005301833152770996,True,False,0.36476560000301106,128
2035-10-29_15,1491,RANDOM128,909,128,True,True,0.8714393973350525,0.8714903593063354,5.0961971282958984e-05,True,False,0.3624623000014253,128
2035-10-29_15,1491,PREFIX128,909,128,True,True,0.8714393973350525,0.8714903593063354,5.0961971282958984e-05,True,False,0.36335890001464577,128
2035-10-29_15,1507,ALL,909,909,True,True,0.8926272988319397,0.8926272988319397,0.0,True,True,2.452564999988681,909
2035-10-29_15,1507,ZONE,909,268,True,True,0.8926272988319397,0.8926272988319397,0.0,True,True,0.7205180999917502,268
2035-10-29_15,1507,LOCAL32,909,32,True,True,0.8926272988319397,0.8926272988319397,0.0,True,True,0.08730990000003658,32
2035-10-29_15,1507,RANDOM32,909,32,True,True,0.8926272988319397,0.9560754895210266,0.06344819068908691,False,False,0.08570119999058079,32
2035-10-29_15,1507,PREFIX32,909,32,True,False,0.8926272988319397,,,False,False,0.08673779999298858,909
2035-10-29_15,1507,LOCAL128,909,128,True,True,0.8926272988319397,0.8926272988319397,0.0,True,True,0.3455478999840125,128
2035-10-29_15,1507,RANDOM128,909,128,True,True,0.8926272988319397,0.8926830887794495,5.5789947509765625e-05,True,False,0.34656769998582604,128
2035-10-29_15,1507,PREFIX128,909,128,True,True,0.8926272988319397,0.8928274512290955,0.00020015239715576172,True,False,0.3451360999933968,128
2035-10-29_15,1924,ALL,909,909,True,True,0.7841573357582092,0.7841573357582092,0.0,True,True,2.554043800022555,909
2035-10-29_15,1924,ZONE,909,268,True,True,0.7841573357582092,0.7841573357582092,0.0,True,True,0.7530496999934257,268
2035-10-29_15,1924,LOCAL32,909,32,True,True,0.7841573357582092,0.7842357158660889,7.838010787963867e-05,True,False,0.09125780000067607,32
2035-10-29_15,1924,RANDOM32,909,32,True,True,0.7841573357582092,0.7843865752220154,0.00022923946380615234,True,False,0.09077690000049188,32
2035-10-29_15,1924,PREFIX32,909,32,True,True,0.7841573357582092,0.7842434644699097,8.612871170043945e-05,True,False,0.09001349999925878,32
2035-10-29_15,1924,LOCAL128,909,128,True,True,0.7841573357582092,0.7841573357582092,0.0,True,True,0.3595229999991716,128
2035-10-29_15,1924,RANDOM128,909,128,True,True,0.7841573357582092,0.7841573357582092,0.0,True,True,0.35959540001022106,128
2035-10-29_15,1924,PREFIX128,909,128,True,True,0.7841573357582092,0.7842357158660889,7.838010787963867e-05,True,False,0.3591212999999698,128
