model,seed_set_size,seeds,mae_mean,mae_std,spearman_mean,spearman_std,top_1_mean,top_1_std,ranking_loss_mean,ranking_loss_std
Direct-MLP,overall,5,0.8724479007989169,0.03831068797024224,0.8572500480484233,0.02456237756382305,0.74,0.022360679774997918,1.527,0.03242298567374705
Direct-MLP,0,5,1.3409110234975814,0.13085547026336092,0.8534636505114339,0.04573125621249121,0.5,0.0,6.675,9.930136612989092e-16
Direct-MLP,1,5,1.005258353173733,0.04623178804473462,0.8338696390469416,0.02616607664994744,0.5,0.0,2.1500000000000004,0.0
Direct-MLP,2,5,0.48472213664650915,0.06171171481210112,0.9215615390419911,0.010709142912811106,0.4,0.22360679774997896,1.4700000000000002,0.32422985673746935
Direct-MLP,3,5,0.7022203532755373,0.046196218723679267,0.828008484730684,0.041402543350091386,0.5,0.0,3.275,0.0
Direct-MLP,4,5,0.9488436317741872,0.11834211486821472,0.8344246102489835,0.045232121886370553,1.0,0.0,0.0,0.0
Direct-MLP,5,5,0.9466496692299842,0.10204000610547101,0.8259792776028064,0.0318447233240703,1.0,0.0,0.0,0.0
Direct-MLP,6,5,0.9571527505517006,0.07518654566010136,0.8849152621412368,0.014609072118926975,1.0,0.0,0.0,0.0
Direct-MLP,7,5,1.0182452697753905,0.07869056801239037,0.8256217402819284,0.018196260759012543,0.5,0.0,1.7,2.482534153247273e-16
Direct-MLP,8,5,0.715678310751915,0.0490174449254914,0.8285415625142892,0.025786531513960688,1.0,0.0,0.0,0.0
Direct-MLP,9,5,0.6047975093126297,0.09090484363585366,0.9361147143639377,0.006409518422962588,1.0,0.0,0.0,0.0
Direct-MLP+Overlap,overall,5,0.8848749628961088,0.028304683305975107,0.8404869801441641,0.01050134354206924,0.75,0.03535533905932741,1.4905000000000002,0.11707903313574126
Direct-MLP+Overlap,0,5,1.5344972206354144,0.1456448411905839,0.79873407079239,0.03057636627334925,0.5,0.0,6.675,9.930136612989092e-16
Direct-MLP+Overlap,1,5,0.95524994045496,0.0753796392948343,0.8258438071018667,0.013550193469808588,0.6,0.22360679774997902,1.7200000000000002,0.9615092303249098
Direct-MLP+Overlap,2,5,0.4853501290678978,0.03574074208257185,0.8964778532161773,0.018931547390947826,0.5,0.0,1.3250000000000002,0.0
Direct-MLP+Overlap,3,5,0.7099385049939155,0.030023286721297823,0.7929422270313469,0.02103944040355992,0.4,0.22360679774997896,3.4849999999999994,0.4695742752749556
Direct-MLP+Overlap,4,5,1.008842093527317,0.11103302900243009,0.7941838701391326,0.01750912538512348,1.0,0.0,0.0,0.0
Direct-MLP+Overlap,5,5,0.865759189248085,0.04870217120908011,0.8330983709926552,0.01748402524536615,1.0,0.0,0.0,0.0
Direct-MLP+Overlap,6,5,0.9341005868911744,0.07332675103413978,0.8955088429535312,0.01315675047179496,1.0,0.0,0.0,0.0
Direct-MLP+Overlap,7,5,0.9934120452404024,0.06789802448869703,0.8318623445367592,0.024322132968955506,0.5,0.0,1.7,2.482534153247273e-16
Direct-MLP+Overlap,8,5,0.7319359609484672,0.04718066651313901,0.8097877492179213,0.014897822831517674,1.0,0.0,0.0,0.0
Direct-MLP+Overlap,9,5,0.6296639579534531,0.05917652623042195,0.9264306654598606,0.010261235888593302,1.0,0.0,0.0,0.0
