hidden_solver,historical_comparator,true_mean_par2,historical_mean_par2,true_new_minus_old_gap,true_relative_gap_pct_of_old,true_comparison,sampling_repeats,ordinary_sample_mean_mae,ordinary_sample_mean_rmse,ordinary_sample_mean_bias,ordinary_sample_mean_misclassification_rate,best_history_corrected_mae,best_history_corrected_rmse,best_history_corrected_bias,best_history_corrected_misclassification_rate,nearest_history_corrected_mae,nearest_history_corrected_rmse,nearest_history_corrected_bias,nearest_history_corrected_misclassification_rate,ridge_alpha1_corrected_mae,ridge_alpha1_corrected_rmse,ridge_alpha1_corrected_bias,ridge_alpha1_corrected_misclassification_rate,best_history_paired192_mae,best_history_paired192_rmse,best_history_paired192_bias,best_history_paired192_misclassification_rate,ordinary_sample_mean_mae_improves_vs_paired192,ordinary_sample_mean_misclass_improves_vs_paired192,best_history_corrected_mae_improves_vs_paired192,best_history_corrected_misclass_improves_vs_paired192,nearest_history_corrected_mae_improves_vs_paired192,nearest_history_corrected_misclass_improves_vs_paired192,ridge_alpha1_corrected_mae_improves_vs_paired192,ridge_alpha1_corrected_misclass_improves_vs_paired192
Kissat_MAB_ESA,kissat-sc2022-bulky,2806.399950104575,2810.958875777404,-4.558925672828991,-0.1621840046154416,new_better,20,268.0610438235601,304.9760226144606,-104.30947685770006,0.35,104.65882961945167,132.67487528976673,-3.551782679089959,0.35,113.27332354498984,140.32626227915551,11.716534928024725,0.45,73.5285717632801,88.71438372995091,5.704470419831273,0.55,102.16899985182292,121.31545469640133,9.824779401214323,0.5,False,True,False,True,False,True,True,False
kissat-sc2022-bulky,Kissat_MAB_ESA,2810.958875777404,2806.399950104575,4.558925672828991,0.1624474684251299,old_better,20,251.09419338932284,342.94972651551785,-114.1342562589145,0.5,104.65882961945167,132.67487528976676,3.5517826790903655,0.35,100.943050809619,116.82604821048079,-20.596946991528558,0.5,76.60385834053125,91.28593703293645,-20.401367380025818,0.55,102.16899985182292,121.31545469640133,-9.824779401214323,0.5,False,False,False,True,True,False,True,False
ekissat-mab-gb-db,Kissat_MAB_ESA,2830.143350228385,2806.399950104575,23.743400123809806,0.8460447742997236,old_better,20,299.1264266129685,340.1165667421306,-116.16192465468687,0.7,101.84444052434942,124.05192819368678,-11.67931219821753,0.5,123.64574939322304,150.72493122943112,7.20100375344648,0.6,88.09318951661324,105.79854000493357,9.667949803637134,0.45,71.68556636287943,103.93864633884873,-11.852447796986848,0.3,False,False,False,False,False,False,False,False
Kissat_MAB_UCB,Kissat_MAB_ESA,2833.080701695052,2806.399950104575,26.68075159047657,0.9507109487185662,old_better,20,275.7083180837758,326.4104848269651,-103.16091070416614,0.6,68.11877652529168,86.66518374975209,-5.125518855950463,0.4,109.91797219987204,135.91191190733255,-45.51016716077199,0.6,82.3610996823455,100.93462101581257,-21.142240182433397,0.5,64.42466488444195,77.89798911427846,1.1485661535333975,0.35,False,False,False,False,False,False,False,False
kissat_inc,Kissat_MAB_ESA,2833.396989255836,2806.399950104575,26.9970391512602,0.9619811727210944,old_better,20,256.04840474159425,325.3860348517053,-93.20312527432486,0.6,99.46939912760061,109.82798681539141,0.9107879315601849,0.55,100.98501056363648,121.47234298176546,-16.53356145552511,0.4,66.15501448623453,83.95253770671317,15.922497540134874,0.3,78.47265342157068,95.86528983595575,11.106351583374295,0.4,False,False,False,False,False,False,True,True
ekissat-mab-db-v1,Kissat_MAB_ESA,2841.7342997848737,2806.399950104575,35.3343496802986,1.259063223649998,old_better,20,275.06686400853727,355.0967374991978,-94.18993833383195,0.5,95.32644031626145,118.01222143973662,1.4967804644331921,0.25,91.58846654047261,112.99421589939203,-11.324824143653043,0.4,66.05937197932485,78.54230889145308,9.676978382089828,0.3,96.95438501654446,111.01759172163923,10.119538523868073,0.35,False,False,True,True,True,False,True,True
Kissat_MAB_MOSS,Kissat_MAB_ESA,2842.6655023454714,2806.399950104575,36.26555224089634,1.2922446153672775,old_better,20,256.9694970737818,316.46002372058155,-77.32885712359639,0.5,93.40757731948095,111.93861423017341,12.827400931402485,0.4,100.469937465052,119.01637797687775,1.132236902901741,0.5,77.76957842735317,98.5605501641744,7.800531852143126,0.35,76.68550708984162,99.03635671431401,26.980619734103676,0.2,False,False,False,False,False,False,False,False
Kissat_MAB-HyWalk,Kissat_MAB_ESA,2857.219430274323,2806.399950104575,50.81948016974775,1.810842398563115,old_better,20,290.67575761519265,352.8443521406895,-125.04829808239563,0.55,116.07042470437582,140.08213632453132,-31.663491502657234,0.45,84.75201098225182,110.32043429240483,-17.26336952666295,0.3,106.41096403144499,130.11160054065468,-31.331833645045958,0.4,107.2697475794271,127.37195704318549,-20.738821224695698,0.45,False,False,False,False,True,True,True,True
kissat-sc2022-light,Kissat_MAB_ESA,2866.960391398319,2806.399950104575,60.56044129374413,2.157940506358955,old_better,20,253.93261397053757,341.7798916657622,-106.25465533998575,0.55,135.45048859218008,161.73910555386414,13.566088975275283,0.35,117.76666919881366,142.52224747873666,-2.4453472959738294,0.3,113.92175927618662,141.906688804581,-12.664511925937022,0.3,98.1910155895833,127.2684833225347,-1.9451784822858145,0.3,False,False,False,False,False,False,False,False
kissat-els-v2,Kissat_MAB_ESA,2896.370918257143,2806.399950104575,89.97096815256782,3.205921100063276,old_better,20,253.69589959068452,336.50272017665054,-126.97137451912201,0.5,104.14294218256126,146.8666018806115,-19.401260059368383,0.2,116.55947418962023,151.1164523303157,-23.13224090403537,0.35,100.52046218383448,131.32775947449613,-22.633342984886305,0.25,104.6642887183818,129.3125775232413,-22.661897661422017,0.3,False,False,True,True,False,False,True,True
hKis-unsat,Kissat_MAB_ESA,2950.1790460584502,2806.399950104575,143.77909595387518,5.123257501074198,old_better,20,289.4538977038489,349.74559510125687,-119.55651400558563,0.4,106.47889003497474,124.5848864715077,-0.20976788242453495,0.15,126.60150459070542,150.98851336355483,15.711556843412563,0.15,85.68976213786159,105.50240469123146,0.40396829740402607,0.1,94.47150541231467,117.39890864675478,-15.247037147885612,0.1,False,False,False,False,False,False,True,False
Kissat_adaptive_restart,Kissat_MAB_ESA,2964.7291643774047,2806.399950104575,158.32921427282963,5.641719537050655,old_better,20,262.44656391456334,350.36981522858895,-117.87956192870676,0.35,112.28990504910462,141.2136717532021,-1.051110164431701,0.2,112.02820712717627,133.0897301478925,-26.871735059728984,0.05,96.22718715418848,119.1439649617768,-16.594017358956513,0.1,124.7103453013021,137.91522511571327,-13.570085071006678,0.2,False,False,True,False,True,True,True,True
SeqFROST-NoExtend,Kissat_MAB_ESA,2974.990133926984,2806.399950104575,168.59018382240902,6.007347021800183,old_better,20,278.56518227522076,322.76133340930414,-101.26113003870282,0.45,84.72527023799012,99.00465394162333,1.1225241473383007,0.0,139.22160729247258,162.0849720560339,24.708034876370792,0.2,116.83280541770878,135.62600083029196,11.48477050604247,0.05,101.56249709453127,137.50557873910716,3.048346818997243,0.1,False,False,True,True,False,False,False,True
Cadical_ESA,Kissat_MAB_ESA,3010.64242749972,2806.399950104575,204.2424773951448,7.27773948925327,old_better,20,248.1037387999441,310.00420177974604,-82.53410921899072,0.35,120.82924289699474,170.58140701960093,67.08523104569338,0.0,104.2859257803162,140.90365405758476,59.70128987127195,0.0,119.82525609937144,163.5193619662597,72.64564144553222,0.0,88.73061934225632,126.8548804729228,21.77536763870942,0.0,False,False,False,False,False,False,False,False
kissat-els-v1,Kissat_MAB_ESA,3012.1521174097106,2806.399950104575,205.7521673051356,7.331534028051442,old_better,20,253.47162591396992,339.50679145700684,-134.17185978809607,0.3,128.13562563784677,168.48062997589182,-0.42460243038408124,0.1,100.34454594706267,124.10750533630228,-36.05595381722801,0.05,107.12029292329896,132.06587967932273,-44.33427314016855,0.05,93.98873179700941,133.85143139489762,-29.862382930396052,0.1,False,False,False,False,False,True,False,True
CadicalReorder,Kissat_MAB_ESA,3028.9221232207283,2806.399950104575,222.52217311615323,7.929096959535698,old_better,20,236.87628216549993,310.16742137127613,-111.0845722134366,0.25,125.12538928733345,156.7236935700718,25.254379174453305,0.05,108.42736302485466,140.6453825526994,1.580373134120532,0.1,108.92432418742696,133.38299675878906,-1.8313440293019085,0.0,109.72019727843903,138.14971771289322,-6.775095355736539,0.05,False,False,False,False,True,False,True,True
cadical_rel_Scavel,Kissat_MAB_ESA,3042.5402471262373,2806.399950104575,236.14029702166224,8.414349387829164,old_better,20,248.46352901014316,323.22424154054846,-119.61732366477902,0.3,114.42753284645377,136.41008806376993,29.605066436773903,0.0,94.55878826963291,122.77779421909636,-9.095122425988416,0.05,90.68778918524822,110.32944693837123,10.949180921433754,0.0,99.73338875216625,111.37370182585484,-15.307846807078999,0.0,False,False,False,False,True,False,True,False
kissat_relaxed,Kissat_MAB_ESA,3082.2926418459383,2806.399950104575,275.89269174136325,9.830840102854284,old_better,20,252.19740769853155,297.72855292189365,-81.38953267484456,0.25,120.89642997633837,148.56486228560357,40.168857220258225,0.0,120.6381075886731,152.74876261643448,26.312758804613093,0.05,117.93768570056906,142.2201707822453,13.198680811592453,0.0,102.38375487508245,124.85545539618883,22.919944182855467,0.0,False,False,False,False,False,False,False,False
CaDiCaL_DVDL_V1,Kissat_MAB_ESA,3089.303852335761,2806.399950104575,282.90390223118584,10.080669443449926,old_better,20,249.07299503590212,325.9763723785072,-97.57287822274006,0.3,134.2231984246285,149.1465992276455,51.388047992680185,0.0,129.34676230884037,160.681505773456,21.77015844215134,0.1,84.73371159204233,99.96918122532014,7.927391704079876,0.0,92.38679142271477,119.23144960352882,6.736598634960001,0.0,False,False,False,False,False,False,True,False
CaDiCaL_DVDL_V2,Kissat_MAB_ESA,3095.117989381699,2806.399950104575,288.7180392771238,10.287843657721178,old_better,20,252.1904867549857,310.58581460113203,-102.97101341190731,0.25,134.63960000832367,164.86353016531368,20.80969874377697,0.05,126.65269719596513,148.45760304124568,-41.289490911001984,0.0,89.90821572898751,111.78169507028325,2.342940532072157,0.0,90.32406604750403,125.306540580529,1.3384634457928315,0.0,False,False,False,False,False,False,True,False
glucose-reboot,Kissat_MAB_ESA,3272.673710376284,2806.399950104575,466.27376027170885,16.614658229819813,old_better,20,274.90756938711104,335.1671073778989,-77.9838799557111,0.1,162.6735799793566,214.55738612327826,34.20216353800258,0.0,168.25507786775145,194.59878467897371,25.48892590558005,0.0,185.96202419096022,221.87676117036688,50.47127204416783,0.0,133.52831827256875,174.6970279313237,26.325596901989023,0.0,False,False,False,False,False,False,False,False
LStech-Maple-HyWalk,Kissat_MAB_ESA,3287.3217135945843,2806.399950104575,480.9217634900092,17.13660818273919,old_better,20,259.6019469809692,324.81586605603735,-160.58111610994877,0.15,131.7527292647587,152.02844329231635,-74.05639983657059,0.0,140.32572232247395,161.66989556550115,-50.659962657252024,0.0,135.64096743020616,160.1350155600046,-30.210321609358765,0.0,132.31731640090905,160.28356043519787,-56.27163925224879,0.0,False,False,True,False,False,False,False,False
LSTech_Maple,Kissat_MAB_ESA,3288.7984560147524,2806.399950104575,482.3985059101774,17.189228708908786,old_better,20,257.7035334808137,321.4948123382289,-156.52336631371074,0.2,172.20465462059192,218.86082889371775,-44.26042416330311,0.0,154.97324643985,188.74179081459857,-9.402665009681096,0.0,149.71622908627137,184.0110068301397,-13.353652116630116,0.0,148.147065730473,177.93113889194166,-52.213889456010676,0.0,False,False,False,False,False,False,False,False
SLIME SC-2022-beta,Kissat_MAB_ESA,3399.2809717682544,2806.399950104575,592.8810216636793,21.12603449987899,old_better,20,259.62657583516636,333.34482141468516,-153.46883619195222,0.15,141.29430192304733,178.28354767478967,-62.27825127537464,0.0,136.4241794391683,164.16010296191504,-22.99765158245554,0.0,103.40456434698774,129.00913768285255,-59.38704370158282,0.0,122.93833920903803,157.23335178114772,-49.15935933425226,0.0,False,False,False,False,False,False,True,False
SLIME SC-2022,Kissat_MAB_ESA,3410.3454789169,2806.399950104575,603.9455288123249,21.52029431121605,old_better,20,227.92310602355428,310.8955248186757,-145.9394775601292,0.1,126.32717930066958,159.05759103353188,-46.46132886170496,0.0,149.8145455384048,180.63096730612045,16.59113731834275,0.0,77.30431434071411,92.6846749508652,2.469325708643237,0.0,121.53652907859332,150.98090650956357,-41.63000070242911,0.0,False,False,False,False,False,False,True,False
hCaD_V1-psids,Kissat_MAB_ESA,3430.403189592343,2806.399950104575,624.003239487768,22.235007503635245,old_better,20,235.52429488203134,308.51793449019766,-86.11204988270765,0.05,172.44963519302783,201.89680181148822,24.61925272716685,0.0,138.6398203994458,167.64430573793828,5.062587091242198,0.0,128.96967459999445,168.45771545911168,-46.9869251165278,0.0,149.87420476848956,171.92215949336872,18.197426974992414,0.0,False,False,False,False,True,False,True,False
MapleLCMDistChrBt-DL-v3,Kissat_MAB_ESA,3504.243854707563,2806.399950104575,697.843904602988,24.86616009870525,old_better,20,203.08146838016074,254.89828078741277,-83.16445652240682,0.0,120.9551887375874,157.53369605876998,-2.287539578260362,0.0,154.5623622558648,185.11993349647378,83.14243429358915,0.0,121.44668901598433,168.8778270468045,45.60127360320443,0.0,86.74540795738487,106.81495366754811,21.14502033529318,0.0,False,False,False,False,False,False,False,False
IsaSAT,Kissat_MAB_ESA,4750.807591908124,2806.399950104575,1944.4076418035488,69.28476611935139,old_better,20,289.15025478574984,349.87363201199855,-11.06618879562395,0.0,233.86183058247906,295.8869623507144,98.95270293816893,0.0,195.27903259429303,233.32793836722593,73.62649216370228,0.0,204.86598511079154,279.2602169758618,89.77909350446416,0.0,253.51063962493464,296.3195094363161,93.24328806207613,0.0,False,False,True,False,True,False,True,False
