"index","model_feature","role","explicit_k_input","notes"
"0","comm_1_equal","edge feature","False","N0/N1 use source-code canonical endpoint ordering (higher degree first, then higher node ID); community flags can use preprocessing community_stack."
"1","N1<degree_quantile>","canonical endpoint 1: degree_quantile","False","N0/N1 use source-code canonical endpoint ordering (higher degree first, then higher node ID); community flags can use preprocessing community_stack."
"2","modularity_1","global feature","False","N0/N1 use source-code canonical endpoint ordering (higher degree first, then higher node ID); community flags can use preprocessing community_stack."
"3","modularity_2","global feature","False","N0/N1 use source-code canonical endpoint ordering (higher degree first, then higher node ID); community flags can use preprocessing community_stack."
"4","modularity_0","global feature","False","N0/N1 use source-code canonical endpoint ordering (higher degree first, then higher node ID); community flags can use preprocessing community_stack."
"5","N0<degree>","canonical endpoint 0: degree","False","N0/N1 use source-code canonical endpoint ordering (higher degree first, then higher node ID); community flags can use preprocessing community_stack."
"6","N1<min_contracted_degree>","canonical endpoint 1: min_contracted_degree","False","N0/N1 use source-code canonical endpoint ordering (higher degree first, then higher node ID); community flags can use preprocessing community_stack."
"7","N0<min_contracted_degree>","canonical endpoint 0: min_contracted_degree","False","N0/N1 use source-code canonical endpoint ordering (higher degree first, then higher node ID); community flags can use preprocessing community_stack."
"8","N1<degree>","canonical endpoint 1: degree","False","N0/N1 use source-code canonical endpoint ordering (higher degree first, then higher node ID); community flags can use preprocessing community_stack."
"9","N0<q3_degree>","canonical endpoint 0: q3_degree","False","N0/N1 use source-code canonical endpoint ordering (higher degree first, then higher node ID); community flags can use preprocessing community_stack."
"10","N1<sd_degree>","canonical endpoint 1: sd_degree","False","N0/N1 use source-code canonical endpoint ordering (higher degree first, then higher node ID); community flags can use preprocessing community_stack."
"11","N1<min_contracted_degree_size>","canonical endpoint 1: min_contracted_degree_size","False","N0/N1 use source-code canonical endpoint ordering (higher degree first, then higher node ID); community flags can use preprocessing community_stack."
"12","N0<degree_quantile>","canonical endpoint 0: degree_quantile","False","N0/N1 use source-code canonical endpoint ordering (higher degree first, then higher node ID); community flags can use preprocessing community_stack."
"13","strawman_similarity","edge feature","False","N0/N1 use source-code canonical endpoint ordering (higher degree first, then higher node ID); community flags can use preprocessing community_stack."
"14","N0<med_degree>","canonical endpoint 0: med_degree","False","N0/N1 use source-code canonical endpoint ordering (higher degree first, then higher node ID); community flags can use preprocessing community_stack."
"15","N1<med_degree>","canonical endpoint 1: med_degree","False","N0/N1 use source-code canonical endpoint ordering (higher degree first, then higher node ID); community flags can use preprocessing community_stack."
"16","N1<q1_degree>","canonical endpoint 1: q1_degree","False","N0/N1 use source-code canonical endpoint ordering (higher degree first, then higher node ID); community flags can use preprocessing community_stack."
"17","N0<sd_degree>","canonical endpoint 0: sd_degree","False","N0/N1 use source-code canonical endpoint ordering (higher degree first, then higher node ID); community flags can use preprocessing community_stack."
"18","N1<q3_degree>","canonical endpoint 1: q3_degree","False","N0/N1 use source-code canonical endpoint ordering (higher degree first, then higher node ID); community flags can use preprocessing community_stack."
"19","N0<skew_degree>","canonical endpoint 0: skew_degree","False","N0/N1 use source-code canonical endpoint ordering (higher degree first, then higher node ID); community flags can use preprocessing community_stack."
"20","N1<skew_degree>","canonical endpoint 1: skew_degree","False","N0/N1 use source-code canonical endpoint ordering (higher degree first, then higher node ID); community flags can use preprocessing community_stack."
"21","N0<entropy_degree>","canonical endpoint 0: entropy_degree","False","N0/N1 use source-code canonical endpoint ordering (higher degree first, then higher node ID); community flags can use preprocessing community_stack."
"22","N0<avg_degree>","canonical endpoint 0: avg_degree","False","N0/N1 use source-code canonical endpoint ordering (higher degree first, then higher node ID); community flags can use preprocessing community_stack."
"23","N1<avg_degree>","canonical endpoint 1: avg_degree","False","N0/N1 use source-code canonical endpoint ordering (higher degree first, then higher node ID); community flags can use preprocessing community_stack."
"24","N1<min_degree>","canonical endpoint 1: min_degree","False","N0/N1 use source-code canonical endpoint ordering (higher degree first, then higher node ID); community flags can use preprocessing community_stack."
"25","N0<q1_degree>","canonical endpoint 0: q1_degree","False","N0/N1 use source-code canonical endpoint ordering (higher degree first, then higher node ID); community flags can use preprocessing community_stack."
"26","N0<min_contracted_degree_size>","canonical endpoint 0: min_contracted_degree_size","False","N0/N1 use source-code canonical endpoint ordering (higher degree first, then higher node ID); community flags can use preprocessing community_stack."
"27","N1<entropy_degree>","canonical endpoint 1: entropy_degree","False","N0/N1 use source-code canonical endpoint ordering (higher degree first, then higher node ID); community flags can use preprocessing community_stack."
"28","N1<max_degree>","canonical endpoint 1: max_degree","False","N0/N1 use source-code canonical endpoint ordering (higher degree first, then higher node ID); community flags can use preprocessing community_stack."
"29","N0<max_degree>","canonical endpoint 0: max_degree","False","N0/N1 use source-code canonical endpoint ordering (higher degree first, then higher node ID); community flags can use preprocessing community_stack."
"30","comm_2_equal","edge feature","False","N0/N1 use source-code canonical endpoint ordering (higher degree first, then higher node ID); community flags can use preprocessing community_stack."
"31","N0<d1_nodes>","canonical endpoint 0: d1_nodes","False","N0/N1 use source-code canonical endpoint ordering (higher degree first, then higher node ID); community flags can use preprocessing community_stack."
