step,retriever,ranker,M,repeat,restricted_oracle_node,restricted_oracle_gain,pool_best_node,pool_best_gain,selected_node,selected_gain,candidate_loss,ranking_loss,total_regret,decomposition_error,retrieval_runtime_seconds,reranking_runtime_seconds,gain_evaluation_runtime_seconds
1,Degree,OriginalOrder,10,,1265,69.0,1265,69.0,916,29.5,0.0,39.5,39.5,0.0,2.4699999812582973e-05,1.9999970390927047e-07,0.04766879999988305
1,Degree,MarginalGainPredictor,10,,1265,69.0,1265,69.0,1265,69.0,0.0,0.0,0.0,0.0,2.4699999812582973e-05,0.009153899999546411,0.04766879999988305
1,Degree,OriginalOrder,20,,1265,69.0,1265,69.0,916,29.5,0.0,39.5,39.5,0.0,2.4699999812582973e-05,8.999995770864189e-07,0.04766879999988305
1,Degree,MarginalGainPredictor,20,,1265,69.0,1265,69.0,1265,69.0,0.0,0.0,0.0,0.0,2.4699999812582973e-05,0.0008821000001262291,0.04766879999988305
1,DegreeDiscount,OriginalOrder,10,,1265,69.0,1265,69.0,1265,69.0,0.0,0.0,0.0,0.0,0.00011870000071212417,2.999995558639057e-07,0.04766879999988305
1,DegreeDiscount,MarginalGainPredictor,10,,1265,69.0,1265,69.0,1265,69.0,0.0,0.0,0.0,0.0,0.00011870000071212417,0.0005267000005915179,0.04766879999988305
1,DegreeDiscount,OriginalOrder,20,,1265,69.0,1265,69.0,1265,69.0,0.0,0.0,0.0,0.0,0.00011870000071212417,2.999995558639057e-07,0.04766879999988305
1,DegreeDiscount,MarginalGainPredictor,20,,1265,69.0,1265,69.0,1265,69.0,0.0,0.0,0.0,0.0,0.00011870000071212417,0.0003526999998939573,0.04766879999988305
1,FeatureDQN,OriginalOrder,10,,1265,69.0,892,55.5,892,55.5,13.5,0.0,13.5,0.0,0.0006141999992905767,9.999985195463523e-08,0.04766879999988305
1,FeatureDQN,MarginalGainPredictor,10,,1265,69.0,892,55.5,916,29.5,13.5,26.0,39.5,0.0,0.0006141999992905767,0.00038380000023607863,0.04766879999988305
1,FeatureDQN,OriginalOrder,20,,1265,69.0,892,55.5,892,55.5,13.5,0.0,13.5,0.0,0.0006141999992905767,1.9999970390927047e-07,0.04766879999988305
1,FeatureDQN,MarginalGainPredictor,20,,1265,69.0,892,55.5,820,33.0,13.5,22.5,36.0,0.0,0.0006141999992905767,0.00038129999938973924,0.04766879999988305
1,Random,OriginalOrder,10,0,1265,69.0,1277,69.0,618,12.0,0.0,57.0,57.0,0.0,2.5800000003073364e-05,9.999985195463523e-08,0.04766879999988305
1,Random,MarginalGainPredictor,10,0,1265,69.0,1277,69.0,820,33.0,0.0,36.0,36.0,0.0,2.5800000003073364e-05,0.00038750000021536835,0.04766879999988305
1,Random,OriginalOrder,20,0,1265,69.0,1277,69.0,618,12.0,0.0,57.0,57.0,0.0,2.5800000003073364e-05,9.999985195463523e-08,0.04766879999988305
1,Random,MarginalGainPredictor,20,0,1265,69.0,1277,69.0,410,30.5,0.0,38.5,38.5,0.0,2.5800000003073364e-05,0.00033239999993384117,0.04766879999988305
1,Random,OriginalOrder,10,1,1265,69.0,410,30.5,2032,5.5,38.5,25.0,63.5,0.0,1.539999993838137e-05,9.999985195463523e-08,0.04766879999988305
1,Random,MarginalGainPredictor,10,1,1265,69.0,410,30.5,410,30.5,38.5,0.0,38.5,0.0,1.539999993838137e-05,0.00031240000043908367,0.04766879999988305
1,Random,OriginalOrder,20,1,1265,69.0,1265,69.0,2032,5.5,0.0,63.5,63.5,0.0,1.539999993838137e-05,2.0000061340397224e-07,0.04766879999988305
1,Random,MarginalGainPredictor,20,1,1265,69.0,1265,69.0,1265,69.0,0.0,0.0,0.0,0.0,1.539999993838137e-05,0.00031149999995250255,0.04766879999988305
2,Degree,OriginalOrder,10,,618,69.0,410,62.0,916,13.5,7.0,48.5,55.5,0.0,2.4500000108673703e-05,9.999985195463523e-08,0.06373190000067552
2,Degree,MarginalGainPredictor,10,,618,69.0,410,62.0,410,62.0,7.0,0.0,7.0,0.0,2.4500000108673703e-05,0.045452100000147766,0.06373190000067552
2,Degree,OriginalOrder,20,,618,69.0,410,62.0,916,13.5,7.0,48.5,55.5,0.0,2.4500000108673703e-05,2.999995558639057e-07,0.06373190000067552
2,Degree,MarginalGainPredictor,20,,618,69.0,410,62.0,410,62.0,7.0,0.0,7.0,0.0,2.4500000108673703e-05,0.0007683000003453344,0.06373190000067552
2,DegreeDiscount,OriginalOrder,10,,618,69.0,618,69.0,12802,18.5,0.0,50.5,50.5,0.0,0.00016940000023168977,3.0000046535860747e-07,0.06373190000067552
2,DegreeDiscount,MarginalGainPredictor,10,,618,69.0,618,69.0,310,45.0,0.0,24.0,24.0,0.0,0.00016940000023168977,0.0006576000005225069,0.06373190000067552
2,DegreeDiscount,OriginalOrder,20,,618,69.0,618,69.0,12802,18.5,0.0,50.5,50.5,0.0,0.00016940000023168977,3.9999940781854093e-07,0.06373190000067552
2,DegreeDiscount,MarginalGainPredictor,20,,618,69.0,618,69.0,410,62.0,0.0,7.0,7.0,0.0,0.00016940000023168977,0.0006153000003905618,0.06373190000067552
2,FeatureDQN,OriginalOrder,10,,618,69.0,892,44.0,892,44.0,25.0,0.0,25.0,0.0,0.0007180999991760473,1.9999970390927047e-07,0.06373190000067552
2,FeatureDQN,MarginalGainPredictor,10,,618,69.0,892,44.0,916,13.5,25.0,30.5,55.5,0.0,0.0007180999991760473,0.0005291999996188679,0.06373190000067552
2,FeatureDQN,OriginalOrder,20,,618,69.0,892,44.0,892,44.0,25.0,0.0,25.0,0.0,0.0007180999991760473,1.9999970390927047e-07,0.06373190000067552
2,FeatureDQN,MarginalGainPredictor,20,,618,69.0,892,44.0,820,20.5,25.0,23.5,48.5,0.0,0.0007180999991760473,0.0004945000000589062,0.06373190000067552
2,Random,OriginalOrder,10,0,618,69.0,310,45.0,310,45.0,24.0,0.0,24.0,0.0,2.4399999347224366e-05,9.999985195463523e-08,0.06373190000067552
2,Random,MarginalGainPredictor,10,0,618,69.0,310,45.0,310,45.0,24.0,0.0,24.0,0.0,2.4399999347224366e-05,0.0007699999996475526,0.06373190000067552
2,Random,OriginalOrder,20,0,618,69.0,618,69.0,310,45.0,0.0,24.0,24.0,0.0,2.4399999347224366e-05,2.0000061340397224e-07,0.06373190000067552
2,Random,MarginalGainPredictor,20,0,618,69.0,618,69.0,310,45.0,0.0,24.0,24.0,0.0,2.4399999347224366e-05,0.0005227000001468696,0.06373190000067552
2,Random,OriginalOrder,10,1,618,69.0,410,62.0,98,16.0,7.0,46.0,53.0,0.0,1.8900000213761814e-05,9.999985195463523e-08,0.06373190000067552
2,Random,MarginalGainPredictor,10,1,618,69.0,410,62.0,410,62.0,7.0,0.0,7.0,0.0,1.8900000213761814e-05,0.00045360000058281,0.06373190000067552
2,Random,OriginalOrder,20,1,618,69.0,618,69.0,98,16.0,0.0,53.0,53.0,0.0,1.8900000213761814e-05,1.9999970390927047e-07,0.06373190000067552
2,Random,MarginalGainPredictor,20,1,618,69.0,618,69.0,410,62.0,0.0,7.0,7.0,0.0,1.8900000213761814e-05,0.0004519000003710971,0.06373190000067552
