scenario,policy,steps,completed_native_week,native_raw_cost_sum,verified_physical_cost_sum,simulate_calls,max_after_rho,overloaded_after_steps,physical_curtailed_mwh,redispatch_mwh,storage_throughput_mwh,terminal_renewable_component,terminal_assistant_component,illegal_steps,ambiguous_steps,exception_steps,wall_s
2035-01-29_4,FULL,1719,False,5873727.5595703125,5873726.5595703125,19492,1.0445908308029175,18,10370.47906855059,26964.359074143886,16.317718936673675,0.5369525736041237,-2.5087719298245617,0,0,1,120.78099999999995
2035-01-29_4,NN20,462,False,1163678.398803711,1163677.398803711,944,1.0466241836547852,8,868.9566016495228,4744.11533926705,10.172884808387607,0.8886461719931997,1.0,0,0,1,44.125
2035-01-29_4,NN352,1719,False,6236347.088989258,6236346.088989258,18764,1.1890274286270142,18,2945.5547304451466,29169.661682415517,15.619019777009573,0.867671390516624,-2.5087719298245617,0,0,1,134.23400000000038
2035-01-29_4,LOCAL20,1719,False,6651699.166320801,6651698.166320801,8748,1.2458045482635498,22,9487.394795912627,32757.594091133757,33.467686238077775,0.576066870649228,-2.5087719298245617,0,0,1,99.14099999999962
2035-01-29_4,RANDOM20,1486,False,7730802.551086426,7730801.551086426,5866,1.2233030796051025,28,5101.980343018347,41876.401015992735,96.66050651545325,0.729345758170557,-2.5714285714285716,0,0,1,116.17200000000048
2035-04-16_2,NN20,2017,True,5585047.532775879,5585047.532775879,10183,1.1683709621429443,14,5358.1094364455585,24066.66215225855,19.640992070393015,0.830185226958097,1.0,0,0,0,98.3130000000001
2035-04-16_2,NN352,2017,True,5043710.710998535,5043710.710998535,14571,1.188647985458374,12,4641.233563142518,20108.824977520857,14.338921352755277,0.8528072221002564,1.0,0,0,0,117.5619999999999
2035-04-16_2,LOCAL20,2017,True,5590564.7833862305,5590564.7833862305,8650,1.1209056377410889,9,6105.903611740757,24225.95676150928,17.8247934213529,0.8065791060311229,1.0,0,0,0,91.875
2035-04-16_2,RANDOM20,1519,False,6979627.11517334,6979626.11517334,7911,1.4973946809768677,15,10417.517913259537,35954.526479429536,56.991511926908665,0.5181643792331991,1.0,0,0,1,96.90700000000015
2035-04-16_2,FULL,2017,True,5040898.107849121,5040898.107849121,15371,1.188382625579834,13,4641.233563142518,20108.824977520857,14.338921352755277,0.8528072221002564,1.0,0,0,0,117.76500000000033
2035-07-23_10,NN352,2017,True,1063420.9329833984,1063420.9329833984,7766,1.4022750854492188,2,0.0,194.28240648781258,0.21200686941544214,1.0,1.0,0,0,0,65.98499999999967
2035-07-23_10,LOCAL20,2017,True,1058368.0947723389,1058368.0947723389,6180,1.4022750854492188,1,0.0,194.28240648781258,0.21200686941544214,1.0,1.0,0,0,0,60.96900000000005
2035-07-23_10,RANDOM20,2017,True,1071405.6900939941,1071405.6900939941,6208,1.4022750854492188,1,0.0,194.28240648781258,0.21200686941544214,1.0,1.0,0,0,0,60.76599999999962
2035-07-23_10,FULL,2017,True,1063420.9329833984,1063420.9329833984,7902,1.4022750854492188,2,0.0,194.28240648781258,0.21200686941544214,1.0,1.0,0,0,0,55.76499999999942
2035-07-23_10,NN20,2017,True,1063420.9329833984,1063420.9329833984,7102,1.4022750854492188,2,0.0,194.28240648781258,0.21200686941544214,1.0,1.0,0,0,0,63.78099999999995
2035-10-29_15,LOCAL20,102,False,92693.56896972656,92692.56896972656,3674,1.288881778717041,5,0.0,197.27709576365424,1.1219984044631321,1.0,-2.9215686274509802,0,0,1,38.3130000000001
2035-10-29_15,RANDOM20,2017,True,4154600.1276245117,4154600.1276245117,5965,1.0667816400527954,10,2080.5593795999885,18032.69113670604,17.421864783080913,0.9335747021673976,1.0,0,0,0,90.26600000000053
2035-10-29_15,FULL,2017,True,6024537.0859375,6024537.0859375,15599,1.086929440498352,11,7697.407489152004,29344.88377972399,10.895201838885743,0.7550367210527702,1.0,0,0,0,104.3130000000001
2035-10-29_15,NN20,2017,True,6029519.7080078125,6029519.7080078125,12031,1.086929440498352,12,7697.407489152004,29415.61969922808,12.260797326142589,0.7550367210527702,1.0,0,0,0,99.3119999999999
2035-10-29_15,NN352,2017,True,6029519.7080078125,6029519.7080078125,15351,1.086929440498352,12,7697.407489152004,29415.61969922808,12.260797326142589,0.7550367210527702,1.0,0,0,0,108.32899999999972
