scenario,policy,steps,completed_native_week,native_raw_cost_sum,verified_physical_cost_sum,simulate_calls,fallback_decisions,expansions,expanded_changed_original_selection,illegal_steps,ambiguous_steps,exception_steps,wall_s
2035-01-08_5,NN20,2017,True,6707772.520812988,6707772.520812988,25636,0,0,0,0,0,0,198.82899999999972
2035-01-08_5,FALLBACK90,2017,True,8414074.452331543,8414074.452331543,34967,31,19,6,0,0,0,231.9380000000001
2035-01-08_5,NN352,2017,True,8494068.36553955,8494068.36553955,39330,0,0,0,0,0,0,241.54700000000048
2035-04-30_12,FALLBACK90,176,False,238828.3387451172,238827.3387451172,4400,1,1,0,0,0,1,39.51599999999962
2035-04-30_12,NN352,176,False,238828.3387451172,238827.3387451172,4400,0,0,0,0,0,1,39.53099999999904
2035-04-30_12,NN20,176,False,238828.3387451172,238827.3387451172,4068,0,0,0,0,0,1,42.34300000000076
2035-07-16_5,NN352,2017,True,2258999.9070129395,2258999.9070129395,15193,0,0,0,0,0,0,120.42200000000048
2035-07-16_5,NN20,2017,True,2258630.490447998,2258630.490447998,12869,0,0,0,0,0,0,94.90599999999904
2035-07-16_5,FALLBACK90,2017,True,2258630.490447998,2258630.490447998,13201,7,1,0,0,0,0,92.48499999999876
