seed,model,seed_set_size,mae,spearman,top_1,ranking_loss,contexts,samples
20260823,Direct-MLP,overall,0.8759938974082471,0.875725391876005,0.75,1.5125,20,400
20260823,Direct-MLP,0,1.3461683672666551,0.8666968735276945,0.5,6.675000000000001,2,40
20260823,Direct-MLP,1,1.0625889045000076,0.8465333186359978,0.5,2.1500000000000004,2,40
20260823,Direct-MLP,2,0.5749739065766335,0.9256616001517626,0.5,1.3250000000000002,2,40
20260823,Direct-MLP,3,0.7133205839991569,0.8515897893391261,0.5,3.275,2,40
20260823,Direct-MLP,4,0.9604240033030511,0.8859468626220497,1.0,0.0,2,40
20260823,Direct-MLP,5,0.87715834826231,0.8733801220729548,1.0,0.0,2,40
20260823,Direct-MLP,6,0.9306880050897599,0.8954387611527035,1.0,0.0,2,40
20260823,Direct-MLP,7,1.0049333840608596,0.8392452360416871,0.5,1.7000000000000002,2,40
20260823,Direct-MLP,8,0.7170921683311462,0.8437219742452571,1.0,0.0,2,40
20260823,Direct-MLP,9,0.5725913026928902,0.9290393809708165,1.0,0.0,2,40
20260823,Direct-MLP+Overlap,overall,0.9189579438865184,0.83040097424674,0.75,1.5125,20,400
20260823,Direct-MLP+Overlap,0,1.6315563422441486,0.7579403196125171,0.5,6.675000000000001,2,40
20260823,Direct-MLP+Overlap,1,0.9727601864933966,0.8421977952641289,0.5,2.1500000000000004,2,40
20260823,Direct-MLP+Overlap,2,0.5368443617224694,0.8812846200368141,0.5,1.3250000000000002,2,40
20260823,Direct-MLP+Overlap,3,0.7020993888378142,0.7733557018917179,0.5,3.275,2,40
20260823,Direct-MLP+Overlap,4,1.040356028974056,0.8163387808336986,1.0,0.0,2,40
20260823,Direct-MLP+Overlap,5,0.8630896896123886,0.8261889756320733,1.0,0.0,2,40
20260823,Direct-MLP+Overlap,6,0.9540977859497071,0.8864333069625006,1.0,0.0,2,40
20260823,Direct-MLP+Overlap,7,1.075127067267895,0.7984291601334232,0.5,1.7000000000000002,2,40
20260823,Direct-MLP+Overlap,8,0.7974624970555306,0.8016582434696475,1.0,0.0,2,40
20260823,Direct-MLP+Overlap,9,0.616186090707779,0.9201828386308779,1.0,0.0,2,40
