event,context,pass,k,nodes,arcs,active_nodes,source
PASS,0,0,32,15606,91756,15606
MODEL,-1,-1,32,15606,91756,-1,replay
PASS,0,1,32,6242,36268,6242
PASS,1,0,2,5120,29606,5120
PASS,1,1,2,2048,11604,2048
PASS,1,2,2,819,4472,819
PASS,1,3,2,443,2338,443
PASS,1,4,2,419,2212,419
PASS,2,0,2,2649,15198,2649
PASS,2,1,2,1059,5904,1059
PASS,2,2,2,437,2350,437
PASS,2,3,2,410,2202,410
PASS,3,0,2,1356,7692,1356
PASS,3,1,2,542,2962,542
PASS,3,2,2,389,2090,389
PASS,4,0,2,651,3694,651
PASS,4,1,2,351,1956,351
PASS,6,0,2,342,1910,342
PASS,7,0,2,705,3962,705
PASS,7,1,2,360,1964,360
PASS,7,2,2,356,1940,356
PASS,8,0,2,351,1948,351
PASS,9,0,2,354,1950,354
PASS,10,0,2,1293,7382,1293
PASS,10,1,2,517,2858,517
PASS,10,2,2,386,2106,386
PASS,11,0,2,667,3772,667
PASS,11,1,2,350,1938,350
PASS,12,0,2,337,1896,337
PASS,13,0,2,330,1812,330
PASS,14,0,2,626,3528,626
PASS,14,1,2,346,1902,346
PASS,15,0,2,330,1832,330
PASS,17,0,2,2471,14238,2471
PASS,17,1,2,988,5560,988
PASS,17,2,2,425,2316,425
PASS,17,3,2,397,2164,397
PASS,18,0,2,1238,7044,1238
PASS,18,1,2,495,2736,495
PASS,18,2,2,385,2114,385
PASS,19,0,2,617,3474,617
PASS,19,1,2,352,1946,352
PASS,22,0,2,621,3500,621
PASS,22,1,2,346,1916,346
PASS,25,0,2,1233,7040,1233
PASS,25,1,2,493,2728,493
PASS,25,2,2,383,2102,383
PASS,26,0,2,648,3650,648
PASS,26,1,2,349,1928,349
PASS,27,0,2,327,1808,327
PASS,28,0,2,321,1786,321
PASS,29,0,2,585,3298,585
PASS,29,1,2,413,2314,413
