path,source,source_relative,bytes,sha256,in_git,object
GP00/graphs/er1024_p001_seed20260930.graph,prepared_20261001,GP00/graphs/er1024_p001_seed20260930.graph,42039,e9339dd359ab1f672b827dc7372a617400db47d95816fc2639ed588ea2026a2a,0,objects/e9339dd359ab1f672b827dc7372a617400db47d95816fc2639ed588ea2026a2a
GP00/graphs/grid32x32_4n.graph,prepared_20261001,GP00/graphs/grid32x32_4n.graph,16598,d09b12563f8c48dda480e7b3ee0c9dc4bf9201cdaa4292d06cafc06e43822ab6,0,objects/d09b12563f8c48dda480e7b3ee0c9dc4bf9201cdaa4292d06cafc06e43822ab6
GP00/graphs/input_manifest.json,prepared_20261001,GP00/graphs/input_manifest.json,931,20355962429e9b933184eb673133a06591ea54e5969f398e0a493e220810a062,1,objects/20355962429e9b933184eb673133a06591ea54e5969f398e0a493e220810a062
GP00/outputs/GP00_report.md,prepared_20261001,GP00/outputs/GP00_report.md,8953,22bd737c3d4fc0207d06ceeea0d0320fc3fec0283af6ef78e3b353110cf9723b,1,objects/22bd737c3d4fc0207d06ceeea0d0320fc3fec0283af6ef78e3b353110cf9723b
GP00/outputs/audit.json,prepared_20261001,GP00/outputs/audit.json,6206,ea9a062ae6fedb093691df7459222bc41b9cc0a38b284457a6347d3f328dcbb6,1,objects/ea9a062ae6fedb093691df7459222bc41b9cc0a38b284457a6347d3f328dcbb6
GP00/outputs/build_manifest.json,prepared_20261001,GP00/outputs/build_manifest.json,1771,55f31df9876b3bafb63ccf953ffd40a1b8077d5937e88e2bd4b963112ffe06ad,1,objects/55f31df9876b3bafb63ccf953ffd40a1b8077d5937e88e2bd4b963112ffe06ad
GP00/outputs/default_model_invocation.csv,prepared_20261001,GP00/outputs/default_model_invocation.csv,1078,63be14332d3dc7580cfeaac50da16e7c74ad21c452faa50c4a0bf4d6a060792b,1,objects/63be14332d3dc7580cfeaac50da16e7c74ad21c452faa50c4a0bf4d6a060792b
GP00/outputs/feature_dictionary.csv,prepared_20261001,GP00/outputs/feature_dictionary.csv,6990,58508f7788c4a0786d9d67f52e092b41924b90a5874d62f008c7d2bd6b8e79e7,1,objects/58508f7788c4a0786d9d67f52e092b41924b90a5874d62f008c7d2bd6b8e79e7
GP00/outputs/feature_dump_audit.csv,prepared_20261001,GP00/outputs/feature_dump_audit.csv,823,b4428147cd20060c8d28d08a5796aa1f06ecc320b535c4461df9da4350930ea6,1,objects/b4428147cd20060c8d28d08a5796aa1f06ecc320b535c4461df9da4350930ea6
GP00/outputs/k_feature_probe.json,prepared_20261001,GP00/outputs/k_feature_probe.json,1093,23dc4a083405fbab5a30deb6b7f1ff2169aa2c80f383cb83cf1108cc2084e26a,1,objects/23dc4a083405fbab5a30deb6b7f1ff2169aa2c80f383cb83cf1108cc2084e26a
GP00/outputs/run_results.csv,prepared_20261001,GP00/outputs/run_results.csv,5022,6cab5fd2b2f77dd18f4174abb7cd86fdc1d656c86c35325d4690ce8c0360593f,1,objects/6cab5fd2b2f77dd18f4174abb7cd86fdc1d656c86c35325d4690ce8c0360593f
GP00/runs/er1024_p001_seed20260930_k32_s0_baseline/input.graph,prepared_20261001,GP00/runs/er1024_p001_seed20260930_k32_s0_baseline/input.graph,42039,e9339dd359ab1f672b827dc7372a617400db47d95816fc2639ed588ea2026a2a,0,objects/e9339dd359ab1f672b827dc7372a617400db47d95816fc2639ed588ea2026a2a
GP00/runs/er1024_p001_seed20260930_k32_s0_baseline/input.graph.part32.epsilon0.03.seed0.KaHyPar,prepared_20261001,GP00/runs/er1024_p001_seed20260930_k32_s0_baseline/input.graph.part32.epsilon0.03.seed0.KaHyPar,3776,b735a51e3242f55632f1e20db882b77256b281c974bd356c5ac60b5de6d3dde7,0,objects/b735a51e3242f55632f1e20db882b77256b281c974bd356c5ac60b5de6d3dde7
GP00/runs/er1024_p001_seed20260930_k32_s0_baseline/stdout.log,prepared_20261001,GP00/runs/er1024_p001_seed20260930_k32_s0_baseline/stdout.log,17391,98f257d891b007398c0e5534dc6a1609c498fa7b14fb6516649843beadd22099,0,objects/98f257d891b007398c0e5534dc6a1609c498fa7b14fb6516649843beadd22099
GP00/runs/er1024_p001_seed20260930_k32_s0_learned/input.graph,prepared_20261001,GP00/runs/er1024_p001_seed20260930_k32_s0_learned/input.graph,42039,e9339dd359ab1f672b827dc7372a617400db47d95816fc2639ed588ea2026a2a,0,objects/e9339dd359ab1f672b827dc7372a617400db47d95816fc2639ed588ea2026a2a
GP00/runs/er1024_p001_seed20260930_k32_s0_learned/input.graph.part32.epsilon0.03.seed0.KaHyPar,prepared_20261001,GP00/runs/er1024_p001_seed20260930_k32_s0_learned/input.graph.part32.epsilon0.03.seed0.KaHyPar,3776,b735a51e3242f55632f1e20db882b77256b281c974bd356c5ac60b5de6d3dde7,0,objects/b735a51e3242f55632f1e20db882b77256b281c974bd356c5ac60b5de6d3dde7
GP00/runs/er1024_p001_seed20260930_k32_s0_learned/stdout.log,prepared_20261001,GP00/runs/er1024_p001_seed20260930_k32_s0_learned/stdout.log,17390,83ee2fffa45347f3d816587038f196429e936bc425f136baa01322b3c67246ac,0,objects/83ee2fffa45347f3d816587038f196429e936bc425f136baa01322b3c67246ac
GP00/runs/er1024_p001_seed20260930_k32_s1_baseline/input.graph,prepared_20261001,GP00/runs/er1024_p001_seed20260930_k32_s1_baseline/input.graph,42039,e9339dd359ab1f672b827dc7372a617400db47d95816fc2639ed588ea2026a2a,0,objects/e9339dd359ab1f672b827dc7372a617400db47d95816fc2639ed588ea2026a2a
GP00/runs/er1024_p001_seed20260930_k32_s1_baseline/input.graph.part32.epsilon0.03.seed1.KaHyPar,prepared_20261001,GP00/runs/er1024_p001_seed20260930_k32_s1_baseline/input.graph.part32.epsilon0.03.seed1.KaHyPar,3776,ef55e36da892cdd16c50e953c6fa6bdbac1d06cacce183fe686ebec252de3e7f,0,objects/ef55e36da892cdd16c50e953c6fa6bdbac1d06cacce183fe686ebec252de3e7f
GP00/runs/er1024_p001_seed20260930_k32_s1_baseline/stdout.log,prepared_20261001,GP00/runs/er1024_p001_seed20260930_k32_s1_baseline/stdout.log,17380,7f1ea2723f2f4fb75fe35369e9a749b823d72b212e405256ebb231bc67bdb60e,0,objects/7f1ea2723f2f4fb75fe35369e9a749b823d72b212e405256ebb231bc67bdb60e
GP00/runs/er1024_p001_seed20260930_k32_s1_learned/input.graph,prepared_20261001,GP00/runs/er1024_p001_seed20260930_k32_s1_learned/input.graph,42039,e9339dd359ab1f672b827dc7372a617400db47d95816fc2639ed588ea2026a2a,0,objects/e9339dd359ab1f672b827dc7372a617400db47d95816fc2639ed588ea2026a2a
GP00/runs/er1024_p001_seed20260930_k32_s1_learned/input.graph.part32.epsilon0.03.seed1.KaHyPar,prepared_20261001,GP00/runs/er1024_p001_seed20260930_k32_s1_learned/input.graph.part32.epsilon0.03.seed1.KaHyPar,3776,ef55e36da892cdd16c50e953c6fa6bdbac1d06cacce183fe686ebec252de3e7f,0,objects/ef55e36da892cdd16c50e953c6fa6bdbac1d06cacce183fe686ebec252de3e7f
GP00/runs/er1024_p001_seed20260930_k32_s1_learned/stdout.log,prepared_20261001,GP00/runs/er1024_p001_seed20260930_k32_s1_learned/stdout.log,17379,c9cb906ca47e0de8ad0b7fa10ce63c842b66698b53ead7b045c74d7c85f3c731,0,objects/c9cb906ca47e0de8ad0b7fa10ce63c842b66698b53ead7b045c74d7c85f3c731
GP00/runs/er1024_p001_seed20260930_k4_s0_baseline/input.graph,prepared_20261001,GP00/runs/er1024_p001_seed20260930_k4_s0_baseline/input.graph,42039,e9339dd359ab1f672b827dc7372a617400db47d95816fc2639ed588ea2026a2a,0,objects/e9339dd359ab1f672b827dc7372a617400db47d95816fc2639ed588ea2026a2a
GP00/runs/er1024_p001_seed20260930_k4_s0_baseline/input.graph.part4.epsilon0.03.seed0.KaHyPar,prepared_20261001,GP00/runs/er1024_p001_seed20260930_k4_s0_baseline/input.graph.part4.epsilon0.03.seed0.KaHyPar,3072,603792d7c29a3769b902ccd4dacedb7d0edace49bc0be31c414039fd38bf5c90,0,objects/603792d7c29a3769b902ccd4dacedb7d0edace49bc0be31c414039fd38bf5c90
GP00/runs/er1024_p001_seed20260930_k4_s0_baseline/stdout.log,prepared_20261001,GP00/runs/er1024_p001_seed20260930_k4_s0_baseline/stdout.log,13433,817f80305eaed0245d8f39f544dd8f03c3ae20aed5ab283633c6fe2baa06b4c9,0,objects/817f80305eaed0245d8f39f544dd8f03c3ae20aed5ab283633c6fe2baa06b4c9
GP00/runs/er1024_p001_seed20260930_k4_s0_learned/input.graph,prepared_20261001,GP00/runs/er1024_p001_seed20260930_k4_s0_learned/input.graph,42039,e9339dd359ab1f672b827dc7372a617400db47d95816fc2639ed588ea2026a2a,0,objects/e9339dd359ab1f672b827dc7372a617400db47d95816fc2639ed588ea2026a2a
GP00/runs/er1024_p001_seed20260930_k4_s0_learned/input.graph.part4.epsilon0.03.seed0.KaHyPar,prepared_20261001,GP00/runs/er1024_p001_seed20260930_k4_s0_learned/input.graph.part4.epsilon0.03.seed0.KaHyPar,3072,95e4136fa03b39c70b484cd9783558094edacfcf19e42c6017248c59a667b580,0,objects/95e4136fa03b39c70b484cd9783558094edacfcf19e42c6017248c59a667b580
GP00/runs/er1024_p001_seed20260930_k4_s0_learned/model_features.csv,prepared_20261001,GP00/runs/er1024_p001_seed20260930_k4_s0_learned/model_features.csv,6829378,154898e395375232fbb6cb8cec0de1ea51e2af451c19cfd5eb06eb988dc08d2f,0,objects/154898e395375232fbb6cb8cec0de1ea51e2af451c19cfd5eb06eb988dc08d2f
GP00/runs/er1024_p001_seed20260930_k4_s0_learned/stdout.log,prepared_20261001,GP00/runs/er1024_p001_seed20260930_k4_s0_learned/stdout.log,13432,a586633af38c9f727b8324c41fa377245db4034f333d736f0e735af910ce1337,0,objects/a586633af38c9f727b8324c41fa377245db4034f333d736f0e735af910ce1337
GP00/runs/er1024_p001_seed20260930_k4_s1_baseline/input.graph,prepared_20261001,GP00/runs/er1024_p001_seed20260930_k4_s1_baseline/input.graph,42039,e9339dd359ab1f672b827dc7372a617400db47d95816fc2639ed588ea2026a2a,0,objects/e9339dd359ab1f672b827dc7372a617400db47d95816fc2639ed588ea2026a2a
GP00/runs/er1024_p001_seed20260930_k4_s1_baseline/input.graph.part4.epsilon0.03.seed1.KaHyPar,prepared_20261001,GP00/runs/er1024_p001_seed20260930_k4_s1_baseline/input.graph.part4.epsilon0.03.seed1.KaHyPar,3072,5eab33b4e655ccdc31b9c4a0d00d1f42435129453d8aad21582f3e1ce6097c91,0,objects/5eab33b4e655ccdc31b9c4a0d00d1f42435129453d8aad21582f3e1ce6097c91
GP00/runs/er1024_p001_seed20260930_k4_s1_baseline/stdout.log,prepared_20261001,GP00/runs/er1024_p001_seed20260930_k4_s1_baseline/stdout.log,13433,70f8e6c517ffc1ea4781b714c1af849c5c0c94732fd7911856ab2cb98f34196c,0,objects/70f8e6c517ffc1ea4781b714c1af849c5c0c94732fd7911856ab2cb98f34196c
GP00/runs/er1024_p001_seed20260930_k4_s1_learned/input.graph,prepared_20261001,GP00/runs/er1024_p001_seed20260930_k4_s1_learned/input.graph,42039,e9339dd359ab1f672b827dc7372a617400db47d95816fc2639ed588ea2026a2a,0,objects/e9339dd359ab1f672b827dc7372a617400db47d95816fc2639ed588ea2026a2a
GP00/runs/er1024_p001_seed20260930_k4_s1_learned/input.graph.part4.epsilon0.03.seed1.KaHyPar,prepared_20261001,GP00/runs/er1024_p001_seed20260930_k4_s1_learned/input.graph.part4.epsilon0.03.seed1.KaHyPar,3072,7bb3e6c3d98cda1149bd628dd7fd9d59503560e18077b68582e8538a138a7d50,0,objects/7bb3e6c3d98cda1149bd628dd7fd9d59503560e18077b68582e8538a138a7d50
GP00/runs/er1024_p001_seed20260930_k4_s1_learned/model_features.csv,prepared_20261001,GP00/runs/er1024_p001_seed20260930_k4_s1_learned/model_features.csv,6850344,b06ecaf414d4f2129462f2d78e863eb00e61fbece57af22bf07a5659508bcbbe,0,objects/b06ecaf414d4f2129462f2d78e863eb00e61fbece57af22bf07a5659508bcbbe
GP00/runs/er1024_p001_seed20260930_k4_s1_learned/stdout.log,prepared_20261001,GP00/runs/er1024_p001_seed20260930_k4_s1_learned/stdout.log,13429,e84971d5e6d3b4f3789d0b583ec75e9cab88db72c567337c5b5bd23bc306e8e1,0,objects/e84971d5e6d3b4f3789d0b583ec75e9cab88db72c567337c5b5bd23bc306e8e1
GP00/runs/feature_probe_manifest.json,prepared_20261001,GP00/runs/feature_probe_manifest.json,1510,ead5c6a2dc2c976e67d417985d4e6931557179e3ec75fbe870d82c5a0dd4ae02,1,objects/ead5c6a2dc2c976e67d417985d4e6931557179e3ec75fbe870d82c5a0dd4ae02
GP00/runs/featurediag_er1024_s0_k32_ct20/input.graph,prepared_20261001,GP00/runs/featurediag_er1024_s0_k32_ct20/input.graph,42039,e9339dd359ab1f672b827dc7372a617400db47d95816fc2639ed588ea2026a2a,0,objects/e9339dd359ab1f672b827dc7372a617400db47d95816fc2639ed588ea2026a2a
GP00/runs/featurediag_er1024_s0_k32_ct20/input.graph.part32.epsilon0.03.seed0.KaHyPar,prepared_20261001,GP00/runs/featurediag_er1024_s0_k32_ct20/input.graph.part32.epsilon0.03.seed0.KaHyPar,3776,7b1223fc3fd4a381b9c2af48b7f4a8f448e10c2aae2291bb79662175a7ca44e2,0,objects/7b1223fc3fd4a381b9c2af48b7f4a8f448e10c2aae2291bb79662175a7ca44e2
GP00/runs/featurediag_er1024_s0_k32_ct20/model_features.csv,prepared_20261001,GP00/runs/featurediag_er1024_s0_k32_ct20/model_features.csv,6839850,0e784a948f2ef33426142f9f4cb89e853ebf94b0f2c903bdd738434296769296,0,objects/0e784a948f2ef33426142f9f4cb89e853ebf94b0f2c903bdd738434296769296
GP00/runs/featurediag_er1024_s0_k32_ct20/stdout.log,prepared_20261001,GP00/runs/featurediag_er1024_s0_k32_ct20/stdout.log,17357,3297ab3f6f3795aed1e7ef4ac553bede93f73947a67ac1e3a26ebbf286c371f3,0,objects/3297ab3f6f3795aed1e7ef4ac553bede93f73947a67ac1e3a26ebbf286c371f3
GP00/runs/featurediag_er1024_s0_k4_ct20/input.graph,prepared_20261001,GP00/runs/featurediag_er1024_s0_k4_ct20/input.graph,42039,e9339dd359ab1f672b827dc7372a617400db47d95816fc2639ed588ea2026a2a,0,objects/e9339dd359ab1f672b827dc7372a617400db47d95816fc2639ed588ea2026a2a
GP00/runs/featurediag_er1024_s0_k4_ct20/input.graph.part4.epsilon0.03.seed0.KaHyPar,prepared_20261001,GP00/runs/featurediag_er1024_s0_k4_ct20/input.graph.part4.epsilon0.03.seed0.KaHyPar,3072,5e3bf742db9e65d1a3d86df4e8fa1b1e542abe299457a7cf0b1cb9c412f4e829,0,objects/5e3bf742db9e65d1a3d86df4e8fa1b1e542abe299457a7cf0b1cb9c412f4e829
GP00/runs/featurediag_er1024_s0_k4_ct20/model_features.csv,prepared_20261001,GP00/runs/featurediag_er1024_s0_k4_ct20/model_features.csv,6829378,154898e395375232fbb6cb8cec0de1ea51e2af451c19cfd5eb06eb988dc08d2f,0,objects/154898e395375232fbb6cb8cec0de1ea51e2af451c19cfd5eb06eb988dc08d2f
GP00/runs/featurediag_er1024_s0_k4_ct20/stdout.log,prepared_20261001,GP00/runs/featurediag_er1024_s0_k4_ct20/stdout.log,13414,890705dccfb1e620b0a4c4f8d778a31629b72558c193dbbd7a9c9aebbb84dd42,0,objects/890705dccfb1e620b0a4c4f8d778a31629b72558c193dbbd7a9c9aebbb84dd42
GP00/runs/grid32x32_4n_k32_s0_baseline/input.graph,prepared_20261001,GP00/runs/grid32x32_4n_k32_s0_baseline/input.graph,16598,d09b12563f8c48dda480e7b3ee0c9dc4bf9201cdaa4292d06cafc06e43822ab6,0,objects/d09b12563f8c48dda480e7b3ee0c9dc4bf9201cdaa4292d06cafc06e43822ab6
GP00/runs/grid32x32_4n_k32_s0_baseline/input.graph.part32.epsilon0.03.seed0.KaHyPar,prepared_20261001,GP00/runs/grid32x32_4n_k32_s0_baseline/input.graph.part32.epsilon0.03.seed0.KaHyPar,3776,99735f5253978080315f39351b3319b83cc6f7d4f57b1fe1f3388178601fbe12,0,objects/99735f5253978080315f39351b3319b83cc6f7d4f57b1fe1f3388178601fbe12
GP00/runs/grid32x32_4n_k32_s0_baseline/stdout.log,prepared_20261001,GP00/runs/grid32x32_4n_k32_s0_baseline/stdout.log,17370,a45596ac2c47df1cef8a32eff392470eccff8c0be5c88c74b9b57ed12e53d729,0,objects/a45596ac2c47df1cef8a32eff392470eccff8c0be5c88c74b9b57ed12e53d729
GP00/runs/grid32x32_4n_k32_s0_learned/input.graph,prepared_20261001,GP00/runs/grid32x32_4n_k32_s0_learned/input.graph,16598,d09b12563f8c48dda480e7b3ee0c9dc4bf9201cdaa4292d06cafc06e43822ab6,0,objects/d09b12563f8c48dda480e7b3ee0c9dc4bf9201cdaa4292d06cafc06e43822ab6
GP00/runs/grid32x32_4n_k32_s0_learned/input.graph.part32.epsilon0.03.seed0.KaHyPar,prepared_20261001,GP00/runs/grid32x32_4n_k32_s0_learned/input.graph.part32.epsilon0.03.seed0.KaHyPar,3776,99735f5253978080315f39351b3319b83cc6f7d4f57b1fe1f3388178601fbe12,0,objects/99735f5253978080315f39351b3319b83cc6f7d4f57b1fe1f3388178601fbe12
GP00/runs/grid32x32_4n_k32_s0_learned/stdout.log,prepared_20261001,GP00/runs/grid32x32_4n_k32_s0_learned/stdout.log,17374,648b4fc24b027eeed1ffaa7ad3bda5af846bf668ee019827021215c88841a7ce,0,objects/648b4fc24b027eeed1ffaa7ad3bda5af846bf668ee019827021215c88841a7ce
GP00/runs/grid32x32_4n_k32_s1_baseline/input.graph,prepared_20261001,GP00/runs/grid32x32_4n_k32_s1_baseline/input.graph,16598,d09b12563f8c48dda480e7b3ee0c9dc4bf9201cdaa4292d06cafc06e43822ab6,0,objects/d09b12563f8c48dda480e7b3ee0c9dc4bf9201cdaa4292d06cafc06e43822ab6
GP00/runs/grid32x32_4n_k32_s1_baseline/input.graph.part32.epsilon0.03.seed1.KaHyPar,prepared_20261001,GP00/runs/grid32x32_4n_k32_s1_baseline/input.graph.part32.epsilon0.03.seed1.KaHyPar,3776,179bc455531781612534f95a7280ef781ac2ff9c3678ae4dd2c32a6036e62c0c,0,objects/179bc455531781612534f95a7280ef781ac2ff9c3678ae4dd2c32a6036e62c0c
GP00/runs/grid32x32_4n_k32_s1_baseline/stdout.log,prepared_20261001,GP00/runs/grid32x32_4n_k32_s1_baseline/stdout.log,17355,fcaa0921201b4beb335c7cb7ec24e5790a38d93f6526e4c7edec87802ffb2fb4,0,objects/fcaa0921201b4beb335c7cb7ec24e5790a38d93f6526e4c7edec87802ffb2fb4
GP00/runs/grid32x32_4n_k32_s1_learned/input.graph,prepared_20261001,GP00/runs/grid32x32_4n_k32_s1_learned/input.graph,16598,d09b12563f8c48dda480e7b3ee0c9dc4bf9201cdaa4292d06cafc06e43822ab6,0,objects/d09b12563f8c48dda480e7b3ee0c9dc4bf9201cdaa4292d06cafc06e43822ab6
GP00/runs/grid32x32_4n_k32_s1_learned/input.graph.part32.epsilon0.03.seed1.KaHyPar,prepared_20261001,GP00/runs/grid32x32_4n_k32_s1_learned/input.graph.part32.epsilon0.03.seed1.KaHyPar,3776,179bc455531781612534f95a7280ef781ac2ff9c3678ae4dd2c32a6036e62c0c,0,objects/179bc455531781612534f95a7280ef781ac2ff9c3678ae4dd2c32a6036e62c0c
GP00/runs/grid32x32_4n_k32_s1_learned/stdout.log,prepared_20261001,GP00/runs/grid32x32_4n_k32_s1_learned/stdout.log,17355,451fe2adc25bbd710d12de9a4ac862e2af58db54cf6101092b5da90894b2a3fe,0,objects/451fe2adc25bbd710d12de9a4ac862e2af58db54cf6101092b5da90894b2a3fe
GP00/runs/grid32x32_4n_k4_s0_baseline/input.graph,prepared_20261001,GP00/runs/grid32x32_4n_k4_s0_baseline/input.graph,16598,d09b12563f8c48dda480e7b3ee0c9dc4bf9201cdaa4292d06cafc06e43822ab6,0,objects/d09b12563f8c48dda480e7b3ee0c9dc4bf9201cdaa4292d06cafc06e43822ab6
GP00/runs/grid32x32_4n_k4_s0_baseline/input.graph.part4.epsilon0.03.seed0.KaHyPar,prepared_20261001,GP00/runs/grid32x32_4n_k4_s0_baseline/input.graph.part4.epsilon0.03.seed0.KaHyPar,3072,2626cb73981d07620b7aea11e2ba442f9ef3eac01ce93d02625ec0061a3a4c6b,0,objects/2626cb73981d07620b7aea11e2ba442f9ef3eac01ce93d02625ec0061a3a4c6b
GP00/runs/grid32x32_4n_k4_s0_baseline/stdout.log,prepared_20261001,GP00/runs/grid32x32_4n_k4_s0_baseline/stdout.log,13421,976791dab582d41bafedec591690eb4bc7831edbb491d5fc24dd081de193b525,0,objects/976791dab582d41bafedec591690eb4bc7831edbb491d5fc24dd081de193b525
GP00/runs/grid32x32_4n_k4_s0_learned/input.graph,prepared_20261001,GP00/runs/grid32x32_4n_k4_s0_learned/input.graph,16598,d09b12563f8c48dda480e7b3ee0c9dc4bf9201cdaa4292d06cafc06e43822ab6,0,objects/d09b12563f8c48dda480e7b3ee0c9dc4bf9201cdaa4292d06cafc06e43822ab6
GP00/runs/grid32x32_4n_k4_s0_learned/input.graph.part4.epsilon0.03.seed0.KaHyPar,prepared_20261001,GP00/runs/grid32x32_4n_k4_s0_learned/input.graph.part4.epsilon0.03.seed0.KaHyPar,3072,9ed0047035f010aef7a6f09a3ffabce1457ab3a4aa9eca30e56f6f43b9258493,0,objects/9ed0047035f010aef7a6f09a3ffabce1457ab3a4aa9eca30e56f6f43b9258493
GP00/runs/grid32x32_4n_k4_s0_learned/model_features.csv,prepared_20261001,GP00/runs/grid32x32_4n_k4_s0_learned/model_features.csv,2404252,8955ad75ff4a4dac6c315d9050fe7b0f087c259cf3498b0690eb241ed4626aa6,0,objects/8955ad75ff4a4dac6c315d9050fe7b0f087c259cf3498b0690eb241ed4626aa6
GP00/runs/grid32x32_4n_k4_s0_learned/stdout.log,prepared_20261001,GP00/runs/grid32x32_4n_k4_s0_learned/stdout.log,13425,478e3a68e6dae0132bd344efa3bf1382a7a376047b6250d34b64351688ebc81c,0,objects/478e3a68e6dae0132bd344efa3bf1382a7a376047b6250d34b64351688ebc81c
GP00/runs/grid32x32_4n_k4_s1_baseline/input.graph,prepared_20261001,GP00/runs/grid32x32_4n_k4_s1_baseline/input.graph,16598,d09b12563f8c48dda480e7b3ee0c9dc4bf9201cdaa4292d06cafc06e43822ab6,0,objects/d09b12563f8c48dda480e7b3ee0c9dc4bf9201cdaa4292d06cafc06e43822ab6
GP00/runs/grid32x32_4n_k4_s1_baseline/input.graph.part4.epsilon0.03.seed1.KaHyPar,prepared_20261001,GP00/runs/grid32x32_4n_k4_s1_baseline/input.graph.part4.epsilon0.03.seed1.KaHyPar,3072,6996d8ab456e3d3d61c51fcd2628c8b9236bf40f1a1f6741179488075bf120aa,0,objects/6996d8ab456e3d3d61c51fcd2628c8b9236bf40f1a1f6741179488075bf120aa
GP00/runs/grid32x32_4n_k4_s1_baseline/stdout.log,prepared_20261001,GP00/runs/grid32x32_4n_k4_s1_baseline/stdout.log,13408,0dfe5cee86130a9d0c13d4be47a6234fca1969fcd21ddd4d7ebcaea92ba760fd,0,objects/0dfe5cee86130a9d0c13d4be47a6234fca1969fcd21ddd4d7ebcaea92ba760fd
GP00/runs/grid32x32_4n_k4_s1_learned/input.graph,prepared_20261001,GP00/runs/grid32x32_4n_k4_s1_learned/input.graph,16598,d09b12563f8c48dda480e7b3ee0c9dc4bf9201cdaa4292d06cafc06e43822ab6,0,objects/d09b12563f8c48dda480e7b3ee0c9dc4bf9201cdaa4292d06cafc06e43822ab6
GP00/runs/grid32x32_4n_k4_s1_learned/input.graph.part4.epsilon0.03.seed1.KaHyPar,prepared_20261001,GP00/runs/grid32x32_4n_k4_s1_learned/input.graph.part4.epsilon0.03.seed1.KaHyPar,3072,20c2f515430bfca76b10d5c4e31602e58fe2aed9df6a245cee44b67834457bc1,0,objects/20c2f515430bfca76b10d5c4e31602e58fe2aed9df6a245cee44b67834457bc1
GP00/runs/grid32x32_4n_k4_s1_learned/model_features.csv,prepared_20261001,GP00/runs/grid32x32_4n_k4_s1_learned/model_features.csv,2393096,04d68c39c1654f35010ceda0f3dc8b36b7f198374e9b437f74b9018c57b88380,0,objects/04d68c39c1654f35010ceda0f3dc8b36b7f198374e9b437f74b9018c57b88380
GP00/runs/grid32x32_4n_k4_s1_learned/stdout.log,prepared_20261001,GP00/runs/grid32x32_4n_k4_s1_learned/stdout.log,13419,325950df36c084fd17a775711c7438227ff2563baca3ba44360c21e34d81f82f,0,objects/325950df36c084fd17a775711c7438227ff2563baca3ba44360c21e34d81f82f
GP00/runs/run_manifest.json,prepared_20261001,GP00/runs/run_manifest.json,13532,53a602c3baa8df5a14b87bbacee82dd99e05df2f6a284b102bb09cb80318427c,1,objects/53a602c3baa8df5a14b87bbacee82dd99e05df2f6a284b102bb09cb80318427c
GP00/runs/smoke/input.graph,prepared_20261001,GP00/runs/smoke/input.graph,16598,d09b12563f8c48dda480e7b3ee0c9dc4bf9201cdaa4292d06cafc06e43822ab6,0,objects/d09b12563f8c48dda480e7b3ee0c9dc4bf9201cdaa4292d06cafc06e43822ab6
GP00/runs/smoke/input.graph.part4.epsilon0.03.seed0.KaHyPar,prepared_20261001,GP00/runs/smoke/input.graph.part4.epsilon0.03.seed0.KaHyPar,3072,9ed0047035f010aef7a6f09a3ffabce1457ab3a4aa9eca30e56f6f43b9258493,0,objects/9ed0047035f010aef7a6f09a3ffabce1457ab3a4aa9eca30e56f6f43b9258493
GP00/runs/smoke/stdout.log,prepared_20261001,GP00/runs/smoke/stdout.log,13805,ab51ac667407ad7afe89a481472d8a58f203860e1c1b9a725b7444c2db3eb58e,0,objects/ab51ac667407ad7afe89a481472d8a58f203860e1c1b9a725b7444c2db3eb58e
GP00/runs/smoke/stdout2.log,prepared_20261001,GP00/runs/smoke/stdout2.log,13424,a27fce51fbd70d90ddb4bde44348ebaeace825b264a60817c0599e257e45a6d5,0,objects/a27fce51fbd70d90ddb4bde44348ebaeace825b264a60817c0599e257e45a6d5
GP00/scripts/analyze_features.ps1,prepared_20261001,GP00/scripts/analyze_features.ps1,4927,0130b87bca5b5ddaf05e88025800e956fe82188a3b941a2dc6cc5277f9043d30,1,objects/0130b87bca5b5ddaf05e88025800e956fe82188a3b941a2dc6cc5277f9043d30
GP00/scripts/audit_feature_dumps.ps1,prepared_20261001,GP00/scripts/audit_feature_dumps.ps1,2073,4519e07334e05e80d972c24f96b3847835033a5473f1685af348feec760ca35f,1,objects/4519e07334e05e80d972c24f96b3847835033a5473f1685af348feec760ca35f
GP00/scripts/audit_outputs.ps1,prepared_20261001,GP00/scripts/audit_outputs.ps1,8130,0dc5d0412547a7f21e60f5c9e3beea21b54430d4c8c6604896c4907aab3837d6,1,objects/0dc5d0412547a7f21e60f5c9e3beea21b54430d4c8c6604896c4907aab3837d6
GP00/scripts/feature_probe.ps1,prepared_20261001,GP00/scripts/feature_probe.ps1,2023,2a3cee5b49ae67e28323b4f6c49afbf8786af3c2c42147f61cf5b1e813a408ca,1,objects/2a3cee5b49ae67e28323b4f6c49afbf8786af3c2c42147f61cf5b1e813a408ca
GP00/scripts/finalize_report.ps1,prepared_20261001,GP00/scripts/finalize_report.ps1,10570,91ebeb0569d1a17b6933d0c478d529d4c96f6e54b2a982d42f85bc1ce7b183a5,1,objects/91ebeb0569d1a17b6933d0c478d529d4c96f6e54b2a982d42f85bc1ce7b183a5
GP00/scripts/generate_inputs.ps1,prepared_20261001,GP00/scripts/generate_inputs.ps1,2366,f6ea4b0fcaac4ce0811c90b805d828058282bbcfd0ed1af5429536d0fff02cea,1,objects/f6ea4b0fcaac4ce0811c90b805d828058282bbcfd0ed1af5429536d0fff02cea
GP00/scripts/run_matrix.ps1,prepared_20261001,GP00/scripts/run_matrix.ps1,3457,ff259293f7d7b043a51f6ee45e00e3265ab552c09437aeca00a1508376bdecee,1,objects/ff259293f7d7b043a51f6ee45e00e3265ab552c09437aeca00a1508376bdecee
GP00/source-patches/mt-kahypar-gp00-gp01.diff,prepared_20261001,GP00/source-patches/mt-kahypar-gp00-gp01.diff,17350,d2a17c10347812424e59d935d1f21708078b4afc73edee6d39ebe7a990d1f326,1,objects/d2a17c10347812424e59d935d1f21708078b4afc73edee6d39ebe7a990d1f326
