block,state,instance,disruption,nominal_cost,repair_cost,fixed_binary_lp_cost,kappa0_cost,kappa1_cost,kappa2_cost,max_violation,passed,notes,plan
mechanism,M0_nodis,M0_nodis,none,5.0,5.0,5.0,,,,0.0,True,no disruption | repair 5 (expect 5) | J_LP 5 (expect None) | no disruption -> every variable identical to the nominal plan,"(i0,j0) X=[3] Y=[1] Z=[0] i0 I=[0] L=[0]"
mechanism,M1_shutdown,M1_shutdown,m0_1p,5.0,30.0,30.0,,,,0.0,True,machine 0 down during [1] | repair 30 (expect 30) | J_LP 30 (expect None) | instance A with its only period lost: all demand lost,"(i0,j0) X=[0] Y=[0] Z=[0] i0 I=[0] L=[3]"
mechanism,M2_repair_fits,M2_repair_fits,m0_1p,1.0,21.0,21.0,,,,0.0,True,"machine 0 down during [1] | repair 21 (expect 21) | J_LP 21 (expect None) | carry-over broken, recovery fits: Y=1, X=m=1 in period 2","(i0,j0) X=[0,1] Y=[0,1] Z=[0,0] i0 I=[0,0] L=[1,1]"
mechanism,M3_repair_fails,M3_repair_fails,m0_1p,1.0,20.0,20.0,,,,0.0,True,machine 0 down during [1] | repair 20 (expect 20) | J_LP 20 (expect None) | recovery needs 2 but only 1 is available: production cancelled,"(i0,j0) X=[0,0] Y=[0,0] Z=[0,0] i0 I=[0,0] L=[1,1]"
mechanism,M4_repair_headroom,M4_repair_headroom,m0_1p,1.0,21.0,11.0,,,,0.0,True,"machine 0 down during [1] | repair 21 (expect 21) | J_LP 11 (expect 11) | repair stops at the minimum lot; fixing all Y,Z and re-optimising X,I,L recovers 10","(i0,j0) X=[0,1] Y=[0,1] Z=[0,0] i0 I=[0,0] L=[1,1]"
mechanism,M5_capacity_occupied,M5_capacity_occupied,m0_1p,3.0,21.0,21.0,,,,0.0,True,machine 0 down during [1] | repair 21 (expect None) | J_LP 21 (expect None) | ,"(i0,j0) X=[0,2] Y=[0,1] Z=[0,0] i0 I=[0,0] L=[0,0] (i1,j0) X=[0,0] Y=[0,0] Z=[0,0] i1 I=[0,0] L=[0,2]"
mechanism,M6_initial_stock,M6_initial_stock,all_T,4.0,11.0,11.0,,,,0.0,True,"machine 0 down during [1, 2] | repair 11 (expect None) | J_LP 11 (expect None) | ","(i0,j0) X=[0,0] Y=[0,0] Z=[0,0] i0 I=[1,0] L=[0,1]"
nominal,S0|nominal,S0,none,8.0,,,,,,0.0,True,"nominal solve, status=optimal gap=0 time=0.019s","(i0,j0) X=[2,3,0] Y=[1,0,0] Z=[1,0,0] (i0,j1) X=[0,0,0] Y=[0,0,0] Z=[0,0,0] i0 I=[0,0,0] L=[0,0,0] (i1,j0) X=[0,0,3] Y=[0,0,1] Z=[0,0,0] (i1,j1) X=[2,3,0] Y=[1,0,0] Z=[1,0,0] i1 I=[0,0,0] L=[0,0,0]"
state,S0|D1_m0_1p,S0,D1_m0_1p,8.0,48.0,28.0,28.0,10.0,10.0,0.0,True,"J_r-J_LP=20 (no binary change needed); checks=nominal_feasible:ok,repair_feasible:ok,lp_feasible:ok,all_variants_feasible:ok,stability_respected:ok,fixed_conditions_respected:ok,nested_release_sets_monotone:ok,baseline_relations:ok,trivial_fluctuation_zero:ok","(i0,j0) X=[0,1,0] Y=[0,1,0] Z=[0,0,0] (i0,j1) X=[0,0,0] Y=[0,0,0] Z=[0,0,0] i0 I=[0,0,0] L=[2,2,0] (i1,j0) X=[0,0,3] Y=[0,0,1] Z=[0,0,0] (i1,j1) X=[2,3,0] Y=[1,0,0] Z=[1,0,0] i1 I=[0,0,0] L=[0,0,0]"
state,S0|D2_m1_2p,S0,D2_m1_2p,8.0,105.0,105.0,105.0,46.99999999999989,37.999999999999986,0.0,True,"J_r-J_LP=0 (no binary change needed); checks=nominal_feasible:ok,repair_feasible:ok,lp_feasible:ok,all_variants_feasible:ok,stability_respected:ok,fixed_conditions_respected:ok,nested_release_sets_monotone:ok,baseline_relations:ok,trivial_fluctuation_zero:ok","(i0,j0) X=[2,3,0] Y=[1,0,0] Z=[1,0,0] (i0,j1) X=[0,0,0] Y=[0,0,0] Z=[0,0,0] i0 I=[0,0,0] L=[0,0,0] (i1,j0) X=[0,0,3] Y=[0,0,1] Z=[0,0,0] (i1,j1) X=[0,0,0] Y=[0,0,0] Z=[0,0,0] i1 I=[0,0,0] L=[2,3,0]"
state,S0|D3_both_1p,S0,D3_both_1p,8.0,116.0,96.0,93.0,65.0,65.0,0.0,True,"J_r-J_LP=20 (no binary change needed); checks=nominal_feasible:ok,repair_feasible:ok,lp_feasible:ok,all_variants_feasible:ok,stability_respected:ok,fixed_conditions_respected:ok,nested_release_sets_monotone:ok,baseline_relations:ok,trivial_fluctuation_zero:ok","(i0,j0) X=[0,0,0] Y=[0,0,0] Z=[0,0,0] (i0,j1) X=[0,0,0] Y=[0,0,0] Z=[0,0,0] i0 I=[0,0,0] L=[2,3,0] (i1,j0) X=[0,0,3] Y=[0,0,1] Z=[0,0,0] (i1,j1) X=[0,2,0] Y=[0,1,0] Z=[0,0,0] i1 I=[0,0,0] L=[2,1,0]"
nominal,S1|nominal,S1,none,5.000000000000004,,,,,,0.0,True,"nominal solve, status=optimal gap=0 time=0.020s","(i0,j0) X=[0,0,0] Y=[0,0,0] Z=[0,0,0] (i0,j1) X=[0,0,2] Y=[0,0,1] Z=[0,0,0] i0 I=[0,0,0] L=[0,0,0] (i1,j0) X=[0,3,3] Y=[0,1,0] Z=[0,1,0] (i1,j1) X=[0,0,0] Y=[0,0,0] Z=[0,0,0] i1 I=[0,0,0] L=[0,0,0]"
state,S1|D1_m0_1p,S1,D1_m0_1p,5.000000000000004,5.000000000000004,5.0,5.0,4.999999999999998,5.0,8.881784197001252e-16,True,"J_r-J_LP=0 (no binary change needed); checks=nominal_feasible:ok,repair_feasible:ok,lp_feasible:ok,all_variants_feasible:ok,stability_respected:ok,fixed_conditions_respected:ok,nested_release_sets_monotone:ok,baseline_relations:ok,trivial_fluctuation_zero:ok","(i0,j0) X=[0,0,0] Y=[0,0,0] Z=[0,0,0] (i0,j1) X=[0,0,2] Y=[0,0,1] Z=[0,0,0] i0 I=[0,0,0] L=[0,0,0] (i1,j0) X=[0,3,3] Y=[0,1,0] Z=[0,1,0] (i1,j1) X=[0,0,0] Y=[0,0,0] Z=[0,0,0] i1 I=[0,0,0] L=[0,0,0]"
state,S1|D2_m1_2p,S1,D2_m1_2p,5.000000000000004,5.000000000000004,5.0,5.0,5.0000000000000036,5.0,0.0,True,"J_r-J_LP=0 (no binary change needed); checks=nominal_feasible:ok,repair_feasible:ok,lp_feasible:ok,all_variants_feasible:ok,stability_respected:ok,fixed_conditions_respected:ok,nested_release_sets_monotone:ok,baseline_relations:ok,trivial_fluctuation_zero:ok","(i0,j0) X=[0,0,0] Y=[0,0,0] Z=[0,0,0] (i0,j1) X=[0,0,2] Y=[0,0,1] Z=[0,0,0] i0 I=[0,0,0] L=[0,0,0] (i1,j0) X=[0,3,3] Y=[0,1,0] Z=[0,1,0] (i1,j1) X=[0,0,0] Y=[0,0,0] Z=[0,0,0] i1 I=[0,0,0] L=[0,0,0]"
state,S1|D3_both_1p,S1,D3_both_1p,5.000000000000004,5.000000000000004,5.0,5.0,5.0,5.0,0.0,True,"J_r-J_LP=0 (no binary change needed); checks=nominal_feasible:ok,repair_feasible:ok,lp_feasible:ok,all_variants_feasible:ok,stability_respected:ok,fixed_conditions_respected:ok,nested_release_sets_monotone:ok,baseline_relations:ok,trivial_fluctuation_zero:ok","(i0,j0) X=[0,0,0] Y=[0,0,0] Z=[0,0,0] (i0,j1) X=[0,0,2] Y=[0,0,1] Z=[0,0,0] i0 I=[0,0,0] L=[0,0,0] (i1,j0) X=[0,3,3] Y=[0,1,0] Z=[0,1,0] (i1,j1) X=[0,0,0] Y=[0,0,0] Z=[0,0,0] i1 I=[0,0,0] L=[0,0,0]"
nominal,S2|nominal,S2,none,8.0,,,,,,0.0,True,"nominal solve, status=optimal gap=0 time=0.009s","(i0,j0) X=[0,0,0] Y=[0,0,0] Z=[0,0,0] (i0,j1) X=[0,0,0] Y=[0,0,0] Z=[0,0,0] i0 I=[1,1,1] L=[0,0,0] (i1,j0) X=[0,0,0] Y=[0,0,0] Z=[0,0,0] (i1,j1) X=[2,3,0] Y=[1,0,0] Z=[1,0,0] i1 I=[0,2,0] L=[0,0,0]"
state,S2|D1_m0_1p,S2,D1_m0_1p,8.0,8.0,8.0,8.0,8.0,8.0,0.0,True,"J_r-J_LP=0 (no binary change needed); checks=nominal_feasible:ok,repair_feasible:ok,lp_feasible:ok,all_variants_feasible:ok,stability_respected:ok,fixed_conditions_respected:ok,nested_release_sets_monotone:ok,baseline_relations:ok,trivial_fluctuation_zero:ok","(i0,j0) X=[0,0,0] Y=[0,0,0] Z=[0,0,0] (i0,j1) X=[0,0,0] Y=[0,0,0] Z=[0,0,0] i0 I=[1,1,1] L=[0,0,0] (i1,j0) X=[0,0,0] Y=[0,0,0] Z=[0,0,0] (i1,j1) X=[2,3,0] Y=[1,0,0] Z=[1,0,0] i1 I=[0,2,0] L=[0,0,0]"
state,S2|D2_m1_2p,S2,D2_m1_2p,8.0,103.0,103.0,66.0,8.0,8.0,0.0,True,"J_r-J_LP=0 (no binary change needed); checks=nominal_feasible:ok,repair_feasible:ok,lp_feasible:ok,all_variants_feasible:ok,stability_respected:ok,fixed_conditions_respected:ok,nested_release_sets_monotone:ok,baseline_relations:ok,trivial_fluctuation_zero:ok","(i0,j0) X=[0,0,0] Y=[0,0,0] Z=[0,0,0] (i0,j1) X=[0,0,0] Y=[0,0,0] Z=[0,0,0] i0 I=[1,1,1] L=[0,0,0] (i1,j0) X=[0,0,0] Y=[0,0,0] Z=[0,0,0] (i1,j1) X=[0,0,0] Y=[0,0,0] Z=[0,0,0] i1 I=[0,0,0] L=[2,1,2]"
state,S2|D3_both_1p,S2,D3_both_1p,8.0,67.0,48.0,46.0,46.0,46.0,0.0,True,"J_r-J_LP=19 (no binary change needed); checks=nominal_feasible:ok,repair_feasible:ok,lp_feasible:ok,all_variants_feasible:ok,stability_respected:ok,fixed_conditions_respected:ok,nested_release_sets_monotone:ok,baseline_relations:ok,trivial_fluctuation_zero:ok","(i0,j0) X=[0,0,0] Y=[0,0,0] Z=[0,0,0] (i0,j1) X=[0,0,0] Y=[0,0,0] Z=[0,0,0] i0 I=[1,1,1] L=[0,0,0] (i1,j0) X=[0,0,0] Y=[0,0,0] Z=[0,0,0] (i1,j1) X=[0,2,0] Y=[0,1,0] Z=[0,0,0] i1 I=[0,1,0] L=[2,0,1]"
nominal,S3|nominal,S3,none,4.999999999999999,,,,,,0.0,True,"nominal solve, status=optimal gap=0 time=0.015s","(i0,j0) X=[0,1,2] Y=[0,1,0] Z=[0,1,0] (i0,j1) X=[0,0,0] Y=[0,0,0] Z=[0,0,0] i0 I=[0,0,0] L=[0,0,0] (i1,j0) X=[0,0,0] Y=[0,0,0] Z=[0,0,0] (i1,j1) X=[3,0,0] Y=[1,0,0] Z=[0,0,0] i1 I=[0,0,0] L=[0,0,0]"
state,S3|D1_m0_1p,S3,D1_m0_1p,4.999999999999999,5.000000000000002,5.0,5.0,5.0,5.0,0.0,True,"J_r-J_LP=0 (no binary change needed); checks=nominal_feasible:ok,repair_feasible:ok,lp_feasible:ok,all_variants_feasible:ok,stability_respected:ok,fixed_conditions_respected:ok,nested_release_sets_monotone:ok,baseline_relations:ok,trivial_fluctuation_zero:ok","(i0,j0) X=[0,1,2] Y=[0,1,0] Z=[0,1,0] (i0,j1) X=[0,0,0] Y=[0,0,0] Z=[0,0,0] i0 I=[0,0,0] L=[0,0,0] (i1,j0) X=[0,0,0] Y=[0,0,0] Z=[0,0,0] (i1,j1) X=[3,0,0] Y=[1,0,0] Z=[0,0,0] i1 I=[0,0,0] L=[0,0,0]"
state,S3|D2_m1_2p,S3,D2_m1_2p,4.999999999999999,62.0,62.0,62.0,5.0,5.0,0.0,True,"J_r-J_LP=0 (no binary change needed); checks=nominal_feasible:ok,repair_feasible:ok,lp_feasible:ok,all_variants_feasible:ok,stability_respected:ok,fixed_conditions_respected:ok,nested_release_sets_monotone:ok,baseline_relations:ok,trivial_fluctuation_zero:ok","(i0,j0) X=[0,1,2] Y=[0,1,0] Z=[0,1,0] (i0,j1) X=[0,0,0] Y=[0,0,0] Z=[0,0,0] i0 I=[0,0,0] L=[0,0,0] (i1,j0) X=[0,0,0] Y=[0,0,0] Z=[0,0,0] (i1,j1) X=[0,0,0] Y=[0,0,0] Z=[0,0,0] i1 I=[0,0,0] L=[3,0,0]"
state,S3|D3_both_1p,S3,D3_both_1p,4.999999999999999,62.0,62.0,62.0,62.0,62.0,0.0,True,"J_r-J_LP=0 (no binary change needed); checks=nominal_feasible:ok,repair_feasible:ok,lp_feasible:ok,all_variants_feasible:ok,stability_respected:ok,fixed_conditions_respected:ok,nested_release_sets_monotone:ok,baseline_relations:ok,trivial_fluctuation_zero:ok","(i0,j0) X=[0,1,2] Y=[0,1,0] Z=[0,1,0] (i0,j1) X=[0,0,0] Y=[0,0,0] Z=[0,0,0] i0 I=[0,0,0] L=[0,0,0] (i1,j0) X=[0,0,0] Y=[0,0,0] Z=[0,0,0] (i1,j1) X=[0,0,0] Y=[0,0,0] Z=[0,0,0] i1 I=[0,0,0] L=[3,0,0]"
