retriever,M,recall_at_m,mean_candidate_loss,mean_runtime_seconds,observations
Degree,10,0.4,7.409999999999999,0.0001041599999553,10
Degree,20,0.5,5.029999999999999,0.0001041599999553,10
Degree,50,0.8,2.54,0.0001041599999553,10
Degree,100,1.0,0.0,0.0001041599999553,10
DegreeDiscount,10,0.1,12.51,0.0018339400000513706,10
DegreeDiscount,20,0.2,6.62,0.0018339400000513706,10
DegreeDiscount,50,0.7,2.2299999999999995,0.0018339400000513706,10
DegreeDiscount,100,1.0,0.0,0.0018339400000513706,10
FeatureDQN,10,0.0,30.389999999999997,0.0013052099999185884,10
FeatureDQN,20,0.1,10.899999999999999,0.0013052099999185884,10
FeatureDQN,50,0.1,10.319999999999999,0.0013052099999185884,10
FeatureDQN,100,0.1,9.12,0.0013052099999185884,10
Random,10,0.07,20.256,3.12759999633272e-05,100
Random,20,0.09,15.690999999999999,3.12759999633272e-05,100
Random,50,0.25,7.935999999999999,3.12759999633272e-05,100
Random,100,0.52,3.4679999999999995,3.12759999633272e-05,100
