state,scale,rho,seed,disruption,N,M,T,tau,nominal_obj,nominal_gap,nominal_proven_optimal,repair_obj,repair_feasible,FULL_20,EMPTY_20,S12_20,S24_20,wall_FULL_20,wall_EMPTY_20,wall_S12_20,wall_S24_20,J_best,J_best_source,FULL_dual_bound,FULL_120_proven_optimal,gap_best_FULL,gap_best_EMPTY,gap_best_S12,gap_best_S24,fallback_FULL_20,fallback_EMPTY_20,fallback_S12_20,fallback_S24_20,free_Y_FULL,free_Y_EMPTY,free_Y_S12,free_Y_S24,max_violation
large_rho0.75_s0|D1_m0_2p,large,0.75,0,D1_m0_2p,24,3,18,6,5865.11508728137,0.8435950715875878,False,6656.222027551215,True,13458.51861499315,12937.35443340468,11077.383347187551,11025.686423014065,20.019559200000003,20.01897260000078,20.017499399998997,20.087943100001212,2574.427033934151,FULL@120s,2087.9322508562404,False,4.227772408226426,4.025333506397445,3.302853878231489,3.2827729345915815,False,False,False,False,1296,864,876,888,9.094947017729282e-12
large_rho0.75_s0|D2_all_1p,large,0.75,0,D2_all_1p,24,3,18,6,5865.11508728137,0.8435950715875878,False,7595.556038915655,True,12650.028312822304,14548.38338574753,12652.052176110938,17618.942700305986,20.019308299999466,20.019056900000578,20.056917500000054,20.01939349999884,3627.2363075964968,FULL@120s,2833.3513924117287,False,2.4875114936210343,3.0108727835787668,2.488069456520886,3.8574013949426873,False,False,False,False,1296,864,876,888,1.0913936421275139e-11
large_rho0.75_s1|D1_m0_2p,large,0.75,1,D1_m0_2p,24,3,18,6,3962.8839153056865,0.7470862282906905,False,4691.745600719006,True,13063.33901864605,13563.464629183796,14248.310328522746,14855.342141059498,20.02351169999929,20.0872406999988,20.018258099999002,20.056983200000104,2492.943637020372,FULL@120s,1949.715830795254,False,4.240126100187196,4.440742593520961,4.715456265009136,4.958956279819857,False,False,False,False,1296,864,876,888,9.094947017729282e-12
large_rho0.75_s1|D2_all_1p,large,0.75,1,D2_all_1p,24,3,18,6,3962.8839153056865,0.7470862282906905,False,6051.6016138166315,True,14673.044112996424,14153.968051118118,13970.631100541666,14938.49380682686,20.018206299999292,20.02487680000013,20.04846969999926,20.028798400000596,3783.8127770866786,FULL@120s,2909.6111181095657,False,2.8778462300911825,2.740662893478538,2.692209927812089,2.9480002544757657,False,False,False,False,1296,864,876,888,9.094947017729282e-12
large_rho1.10_s0|D1_m0_2p,large,1.1,0,D1_m0_2p,24,3,18,6,7671.973423738141,0.5828927022228306,False,9394.143455754334,True,24492.923336467124,7468.915393580309,19642.528341672038,19198.810557921504,20.02724930000113,20.024928399998316,20.02378680000038,20.094458999999915,5640.01480079965,FULL@120s,4579.103018912489,False,3.3427055072611647,0.32427230377504573,2.4827086515601144,2.4040354921053515,False,False,False,False,1296,864,876,888,7.275957614183426e-12
large_rho1.10_s0|D2_all_1p,large,1.1,0,D2_all_1p,24,3,18,6,7671.973423738141,0.5828927022228306,False,11554.221285913784,True,23940.277556034558,13455.886815314037,18390.005176757564,13082.544602445694,20.025828699999693,20.031016699998872,20.062382099999013,20.037311099998988,6558.754784540875,FULL@120s,5602.717785010923,False,2.6501254189990915,1.0515916903967577,1.803886679847095,0.994668962663695,False,False,False,False,1296,864,876,888,9.094947017729282e-12
large_rho1.10_s1|D1_m0_2p,large,1.1,1,D1_m0_2p,24,3,18,6,6892.872330085413,0.4773258331964204,False,8675.631312712329,True,20672.291958682166,7969.46507442162,7431.944191137807,7699.2469085252005,20.112255099998947,20.025981599999795,20.01918839999962,20.023051600001054,6246.358744466597,FULL@120s,5041.651630180907,False,2.309494828005986,0.2758577277492194,0.18980425159241346,0.2325976178274518,False,False,False,False,1296,864,876,888,3.2741809263825417e-11
large_rho1.10_s1|D2_all_1p,large,1.1,1,D2_all_1p,24,3,18,6,6892.872330085413,0.4773258331964204,False,10795.122445784986,True,19608.059511393993,7760.576888146423,8430.734630736957,9841.728700910797,20.05880960000104,20.01970000000074,20.023907099999633,20.026171700001214,6735.114965558785,FULL@120s,5905.507982145043,False,1.9113177149407712,0.15225603836482682,0.2517580878498773,0.46125622966174096,False,False,False,False,1296,864,876,888,2.546585164964199e-11
medium_rho0.75_s0|D1_m0_2p,medium,0.75,0,D1_m0_2p,12,3,12,6,298.7716532020756,0.37763287382575056,False,1687.275762035114,True,927.1109589458983,1625.0073055536866,1360.0891118152977,1310.6967957613776,20.005244300000413,20.01532589999988,20.007732600000963,20.008400299999266,927.1109589458983,FULL@20s,907.9313427143427,False,0.0,0.7527646393062581,0.4670186979147399,0.41374318048360326,False,False,False,False,432,216,228,240,1.8189894035458565e-12
medium_rho0.75_s0|D2_all_1p,medium,0.75,0,D2_all_1p,12,3,12,6,298.7716532020756,0.37763287382575056,False,2321.3169679645057,True,1668.1464567358505,1827.599599426604,1771.556226336275,1755.8958007165204,20.013549500001318,20.013064200000372,20.014266599999246,20.00755290000052,1666.254518809345,FULL@120s,1640.666526196934,False,0.0011354435382761666,0.09683099358227182,0.06319665233506784,0.05379807280056493,False,False,False,False,432,216,228,240,7.275957614183426e-12
medium_rho0.75_s1|D1_m0_2p,medium,0.75,1,D1_m0_2p,12,3,12,6,333.47613092686294,0.3267103184702652,False,2045.6666817395626,True,949.0034936591653,1741.8499870741064,1526.393326287865,1587.8104733238713,20.009295800000473,20.015022300000055,20.008058000001256,20.009018600001582,931.3381656959882,FULL@120s,889.3546062632153,False,0.018967683934627357,0.87026587251734,0.6389249174033286,0.7048699729139758,False,False,False,False,432,216,228,240,1.8189894035458565e-12
medium_rho0.75_s1|D2_all_1p,medium,0.75,1,D2_all_1p,12,3,12,6,333.47613092686294,0.3267103184702652,False,2269.9561775703855,True,1879.8908834088738,2090.315417617376,1826.8529000622016,1749.9854618750824,20.0079364000012,20.010493900001165,20.00823820000005,20.01844060000076,1733.5665775958432,FULL@120s,1658.2355289609895,False,0.08440651066078875,0.20578894669063236,0.05381179106240634,0.009471158761037771,False,False,False,False,432,216,228,240,3.637978807091713e-12
medium_rho1.10_s0|D1_m0_2p,medium,1.1,0,D1_m0_2p,12,3,12,6,2192.737078587399,0.2275285532960001,False,3913.5550368348636,True,3072.254817551678,3530.6768953503006,3528.980982044732,3511.96507527195,20.008343999999852,20.00885720000042,20.02277999999933,20.008030699998926,3024.493973128454,FULL@120s,2865.8684521247874,False,0.01579135050278234,0.1673611938787449,0.16680046758183836,0.16117443330173647,False,False,False,False,432,216,228,240,4.547473508864641e-12
medium_rho1.10_s0|D2_all_1p,medium,1.1,0,D2_all_1p,12,3,12,6,2192.737078587399,0.2275285532960001,False,5852.397000244,True,4053.3847653516827,4695.039077865695,4311.350881583248,4301.062819915074,20.008252500001618,20.012090899999748,20.006345000001602,20.008199399999285,4031.6530465538162,FULL@120s,3809.834736381529,False,0.005390275042750116,0.16454442474382283,0.0693754724922356,0.06682365031176096,False,False,False,False,432,216,228,240,3.637978807091713e-12
medium_rho1.10_s1|D1_m0_2p,medium,1.1,1,D1_m0_2p,12,3,12,6,2166.3140134280725,0.21075103038421167,False,3990.977491281661,True,3114.311193925047,3714.4906634634053,3166.963121115432,3072.7876351054274,20.008810799999992,20.00688639999862,20.00798190000023,20.012754399998812,3021.7853965729305,FULL@120s,2811.9992541871893,False,0.030619579225265963,0.22923708204960094,0.04804369122544258,0.016878180227603058,False,False,False,False,432,216,228,240,1.8189894035458565e-12
medium_rho1.10_s1|D2_all_1p,medium,1.1,1,D2_all_1p,12,3,12,6,2166.3140134280725,0.21075103038421167,False,5774.50322907362,True,4110.135779354232,4399.028308758135,4091.0925947290266,4079.6843571570594,20.008552299999792,20.012146299999586,20.012811200000215,20.010470399998667,4053.9056611255796,FULL@120s,3847.687670336044,False,0.013870603543605873,0.08513336926955786,0.009173112724365147,0.0063589777825076976,False,False,False,False,432,216,228,240,9.094947017729282e-12
small_rho0.75_s0|D1_m0_2p,small,0.75,0,D1_m0_2p,6,2,6,3,84.1724505678042,0.1425888957444399,False,1025.593205200804,True,655.1258114570737,886.1267226421882,763.7492843577004,655.1258114570737,2.527415900000051,1.9310869999990246,2.884675299999799,2.731690399999934,655.1258114570737,FULL@20s,655.0833832193068,True,0.0,0.35260541890624386,0.16580551552233275,0.0,False,False,False,False,72,36,48,60,1.1368683772161603e-13
small_rho0.75_s0|D2_all_1p,small,0.75,0,D2_all_1p,6,2,6,3,84.1724505678042,0.1425888957444399,False,1618.4893998048215,True,1110.1418358420735,1446.4832175732001,1184.9515530603735,1110.1418358420735,7.160056600001553,2.248557000000801,3.9489790000006906,7.179346999999325,1110.1418358420735,FULL@20s,1110.038878983015,True,0.0,0.3029715400969483,0.06738753085686093,0.0,False,False,False,False,72,36,48,60,2.2737367544323206e-13
small_rho0.75_s1|D1_m0_2p,small,0.75,1,D1_m0_2p,6,2,6,3,81.06740493564885,0.18551023782364479,False,1392.2650812709924,True,675.7040511605921,1222.5178654041513,822.8263851377649,675.7040511605921,2.8011987999998382,4.939277999999831,5.378572800000256,2.8166356000001542,675.7040511605921,FULL@20s,675.6397455774825,True,0.0,0.8092504600266188,0.21773191047837406,0.0,False,False,False,False,72,36,48,60,2.2737367544323206e-13
small_rho0.75_s1|D2_all_1p,small,0.75,1,D2_all_1p,6,2,6,3,81.06740493564885,0.18551023782364479,False,1263.4520018353653,True,976.9540827653232,1054.9857201495536,1034.9170401856702,976.9540827653232,8.817091299999447,4.548319999999876,6.739926900001592,8.771416899999167,976.9540827653232,FULL@20s,976.872312261732,True,0.0,0.0798723693987311,0.05933027809892523,0.0,False,False,False,False,72,36,48,60,2.2737367544323206e-13
small_rho1.10_s0|D1_m0_2p,small,1.1,0,D1_m0_2p,6,2,6,3,463.24069820130734,0.0,True,2171.564664550913,True,1346.316862373164,2082.4666915935163,1698.6040465954416,1346.316862373164,2.3740030999997543,1.762413899999956,1.055910999999469,2.405385500000193,1346.316862373164,FULL@20s,1346.316862373164,True,0.0,0.5467879440525872,0.2616673638041627,0.0,False,False,False,False,72,36,48,60,4.547473508864641e-13
small_rho1.10_s0|D2_all_1p,small,1.1,0,D2_all_1p,6,2,6,3,463.24069820130734,0.0,True,2000.1733332664871,True,1796.2081548723854,1878.408963756909,1868.3162497569544,1796.2081548723854,15.55839829999968,1.648456900000383,2.170677000000069,15.574476600000708,1796.2081548723854,FULL@20s,1796.036005712379,True,0.0,0.045763520592836726,0.040144620593648324,0.0,False,False,False,False,72,36,48,60,4.547473508864641e-13
small_rho1.10_s1|D1_m0_2p,small,1.1,1,D1_m0_2p,6,2,6,3,769.1125138187108,9.786605547561081e-05,True,2208.5045184848186,True,1780.4801072786822,2164.282814921955,2143.267165891148,1780.4801072786822,2.434640200001013,0.6448409999993601,3.1803684000005887,2.5951831999991555,1780.4801072786822,FULL@20s,1780.4801072786822,True,0.0,0.2155613567791463,0.20375799601993652,0.0,False,False,False,False,72,36,48,60,4.547473508864641e-13
small_rho1.10_s1|D2_all_1p,small,1.1,1,D2_all_1p,6,2,6,3,769.1125138187108,9.786605547561081e-05,True,2897.615400528457,True,2069.798010824836,2584.057434293754,2138.547705069268,2069.798010824836,2.5850515000001906,1.544233799999347,1.921885800000382,2.5802250999986427,2069.798010824836,FULL@20s,2069.7980108248366,True,0.0,0.24845874852492486,0.033215653839107864,0.0,False,False,False,False,72,36,48,60,1.3642420526593924e-12
